id,title,description,price,rutaImagen,stock,views,rating,sold,seller,category,spects
e6080b1f-4d07-4e53-bf71-df225c9ae5e7,forro,forro protector,100000,/9j/4AAQSkZJRgABAQIAdgB2AAD/2wBDAAYEBQYFBAYGBQYHBwYIChAKCgkJChQODwwQFxQYGBcUFhYaHSUfGhsjHBYWICwgIyYnKSopGR8tMC0oMCUoKSj/2wBDAQcHBwoIChMKChMoGhYaKCgoKCgoKCgoKCgoKCgoKCgoKCgoKCgoKCgoKCgoKCgoKCgoKCgoKCgoKCgoKCgoKCj/wAARCAEOAQ4DASIAAhEBAxEB/8QAHQABAAEFAQEBAAAAAAAAAAAAAAQDBQYHCAIBCf/EAEcQAAEDAgMFBQQGBwcCBwAAAAEAAgMEEQUGIQcSMUFREyJhcYEykaGxCBRCUsHRFSMkM3KSshZDYoLC4fBToiU0RGNzk/H/xAAYAQEBAQEBAAAAAAAAAAAAAAAAAwIEAf/EACMRAQEAAwADAQACAgMAAAAAAAABAgMREiExQRNRIjJCUmH/2gAMAwEAAhEDEQA/AOqUREBERAREQEREBERAREQEREBERAREQEREBERAREQEREBERAREQEREBERAREQEREBERAREQEREBERAREQEREBEVizTm3BMr0/a41XxQOIuyId6R/8ACwan5L2TvwX1eJ5ooInSzyMjjaLue9waB5krnnOG3yqeHx5do46KHgKmrs+Q+IZ7I9brT+O5rxnMUxkr6qtxA8jM8tjHk3gPQKuOm36ndk/HWeNbU8oYSXslxiKolb9ilaZj726fFYlXbfcCjcRRYZiNQOryyMH4lcxlla8d6SKIdGt3j8VRfTyfbq5vSwVZpxjN2V0oz6QdET3sv1AHUVLT+CvOF7dct1Lg2spsQoyftFjZGj+U3+C5MEj4H7rpHSMdwJ4g9FWZVEHR3vXv8OLzzrvHAMw4Tj8BmwbEKerYPaEbu83zbxHqFdFwfg+M1NBWR1NFUy01TGbtlicWuHqF0vsi2ptzDuYVjz448Ut+qmHdbUeFuTvgVHPTcfcbxz76rbKIiioIiICIiAiIgIiICIiAiIgIiICIiAiIgIiICg4zi9BgtBJW4rVxUtLH7UkhsPIcyfAarDdou07C8pNfSQWr8YtpTMd3Y+hkdy8uJ8OK5mzVmrF82YkanEak1EjTZg4Qwjoxv/D1KrhquXu/GMs5G0M/7c6iZslNldn1KmPd+uTNvK/+BnBvrc+S0tVVOIYpUyVFRLJ2khu+eocXyv8Af+KqwUjI3dpIS+X77uPp0X2WZrL24rpxxmPxK236oRUMMTt9wMkn35Dc/wCy+yzNaCAo01UTfVQ5JbrTxIlqTrZRJJSea8FxKBpKClJ3wRdVqdgnYeTxoQvbadzuSveEZTx6ve2TC8Jr6jxjp3OafW1kFgfHJAbkHdV3watkiljkieWyMIc1w5FZPiOSsdoaNkmKYJXU0b+b4iQPO17eqwt0D6GuMR4cWnqEl78HXWynPrcdpIKDEpAK4svFIT+9A4tP+IWPmPVbJXHOVqqRlHvRPcyWGUPY5psWki9wfMLpPZtnFmZMPMFU5rcUp2jtWjTtB98D5jkfNc23Xz/KK4Zd9VmaIigoIiICIiAiIgIiICIiAiIgIiICIqdRPFTQST1EjIoY2l73vNmtA4knkEHtzg1pc4gAaklaL2p7YRGJ8MylOAG3ZNiI1A6iLqf8Xu6rHdrW1OXMBlwzA3yQYKDuPkGklYfwZ4c+fRarZEXuD5bXHBo4N/38V069X7klln+R4cJat7nSl+647zt43c8niXFVwGQtsLCw0A5L5JK1jSGqBNOTexV01WoqeNirfLKXFHkkqmRdB4dqvIYSVkuUcmY3myq7HBaGSZoNnzHuxR/xPOnpx8F0JkTYVg+ECOpzHIMVrBr2QBbA0+XF/rp4LGWcx+vZja5+yhkTHs1SWwbD5ZYr2dO7uRN83nT0Fyt15V+j3SwtZJmTE3zv4mCkG43+c6n0AW9KeCKmhZDTxMiiYLNYxoa1o6ADgqihluyvxWYSfWN4DkXLWBNb+jcGo43j+8eztH/zOuVkgAAsNAiKVtv1vnBaI+lBlujbgGHY5S00MVVDVCCV8bA0vY9ptvW42c0e9b3Wr/pIBp2Y1IdxNVT289//APVrXeZRnL45+yxpTVH+T8VkOEYlU4TiMFdQymKohdvNPzB6g8CFYsvM3aKR1uLmj3A/mpxNiu1B1LlDMNNmTBYq6ms1/szRX1jeOI/EeBV6XPOyHH3YTmmKmkfakryIXjkH/Yd79PVdDLi2YeNXxvYIiLDQiIgIiICIiAiIgIiICIvjnBrS5xAA1JKDxUTR08Ek08jI4o2l73vNmtA1JJ5Bcy7WtpEuaah+H4Y98eBRusANHVbh9o/4eg9TyAn7XtoT8y1M2D4NKW4HTm88rD/5pwP9APAczr0Wr42a9pJa/ADoOi6dWvnupZ5d9RRZEbl8li74AdAvE0lgQFUmlGoChyOvdXTUZXE3UZyrP1WfbNdlmK5ycyrmvQ4ODrUvbcydRG3n58B48F5bJO0k78YJhGFV2MV0dHhlLNVVUnsxxN3ifHwHidFv7Z9sGggEdZnGQTy8RQwu7g8HvGrvIWHiVtrKGUcHynQfVcFpGxX/AHkzu9JKernc/Lh0Cvy5s91vrFXHDn1HoKKmw+kjpaGnip6eMWZFEwNa0eACkIiioIiICIiAtM/ShrCzKWFUDHAOqq4PPXdYxx+ZatzLmXb3ipxzaLBhcDt6LDYhCbHTtX95x9Buj0KpqncmM7yMQwimNPh0ZBe5z7vIcb3HAW6cFXee7dp0KlHdA3Wey0AN8hwUSobuhzhwPEfiuxEp6l0MjZWGz4yHtPiDcLrzD6gVdBT1LfZmjbIPUA/iuNS6ziDwXW2R3F+TsDc7iaKH+gKG/wCRTWvaIi5lRERAREQEREBERAREQFo7bln9xfNlfBJe8e7XzMPAf9IH+r3dVmG2HPAypgwpaB4OM1rS2AceybwMhHhwHU+RXPOD0JeXVE5LiTvFzjcuJ4klX1a+/wCVTzy/IjS0joMJnLG701g8N5kA3IHjZWE1olaC06ELLqySzu6bWPELEMaoDFI+qo29w6yxN+yfvN8Oo5LpSUnS35rzvE6BR4HdoBu636LcuxPZl/aCRmNY5ERhEbv1UTv/AFTgf6AeJ5nThdeZZTGdr2Tvp92ObKXY86LGcwxuZhIO9DAdDU+J6M+fkulYYo4ImRQsbHExoa1jBYNA4ADkF6jY2NjWMaGsaLAAWACs+a8x0GWcLfW4lJujhHGPakd0H58lx5ZXOrSTGLw9zWNLnkNa0XJJsAFjGJZ6wSjc5kdR9bkBsRTjeF/4uC0VmvP2J5mmcJ5DBQX7lNGbNP8AF971VqpK4i1zpyCrjo/7MXZ/Ten9v5J32paBjW9ZJCfkFXjzdWWvLFRsb1JI/Fafpa6oItFoeZPJfaiaZw/WSvcepKr/ABY/0z51t2TP0EH7/wCruHRjnX+SqUm0nA5Xhk75oCTbeLC5vvC0VUHjdQnkg6Gy8urGnnXV2H19JiNOJ6GoiqIj9qNwI/2UlcpYTjeIYPVtqcPqZIZRzB4joRzHmtzZC2n0WOVEWG4r2dHib9Ize0cx6C/B3hz5dFDPVcfcUxzl+s1zNjEGAYBiGK1Z/U0kLpSPvWGgHiTYeq4/wWsdiOKV+IVry6vqHOmdvAglz3HeIvxAvb1C219JLMjppsNyrQvJe9wqqoNPLURtPrd1vALVM8LXRRRxPLHwfupALlp5nxB5jmFXTjydYzvbxcidV5J0USkqu3a4PaGTs0kZe9j1HUHkfyKr3VmEGsj7IFzfZ5eB6Lr3K8Bpst4VARZ0VJEw+YYFzRk3Dji2asKow0Oa+oYXgi43Wnedp5ArqoaDRc++/Iprn6IiLnVEREBERAREQEREBW3MmNUmX8Eq8TxB+7T07N4gcXHk0eJNgFclzhtyza7HswjA6CQuw/D32k3TpLPwPo3h57y3hh5XjOV5GG11dW5szHU4riJvLO6+6OEbB7LB4AfieauNUW08IjZpZVcLpW0VEHOHeIVtrZd9x1Xb8QQp3XJUGV1tQbFSJXcVMyrl6szVj0GF0As5/ellIu2KMcXn8BzJAS3nui4bLNnQzjj3bzRPhwimeHVT2ktbKePZgdTzI4DxIXWFNBFS08cFPGyKGJoYxjBZrWgWAA5ABQcuYLRZewemw3DYuzp4W2HVx5uceZJ1KuLnBrS5xAAFyTyXFsz86vjj4xbMz45R5dwaoxLEH7sUQ0bfV7uTR4lcqZuzRXZqxeSur3nd4RRA92NvIAK77Xs7OzXmB0FHJ/4TRuLIbHSV3N58+XgsIjXRqw8Z2/U88upTHq9YTTl7myO05gH5q00UIkfvP9hup8fBZJhZDnF7yA0a66WCqwvMEYZFoLKJVzMYSHvAPTmrdiWO3vFR6N+/zd5dB4qlhcQlk36g3F72QS445at1qeF8h8Aq5wDE93e+pyW8FlOEYnBSMDYmNbbwV1nzTR0zL1MzGDoTr7kGsqnDayK+9SVAPTsz+Sx+uy1jWIP32UstNANTLKCz3Djdbbfn3DmOPZiod4tj0+JWP5gzoysjLKWCS503pfyCDCpY6l1dNWYlUy1VdIA0zTO3nusN25PkAF4vZeppXSPc95JceJVO90HiUO3myw2E7BYX4OHNp8Pkdeql08zZ4w9l+hB4g8wfFRTolPFK6ti+qt33zObG6O4G+SbAi+lx8R6INybA8I7bFK/FpG9ynYIIyfvu1dbyAH8y3esc2eYC7LuVKOhlaBUkGWexv+sdqR6aD0WRri2ZeWXV8ZyCIiw0IiICIiAiIgIiIMN2r5p/srlKoqIHgV9R+z0o5h5B73+UXPuXNWW6MzTdrJd1jck63PVZNtnzEcxZ3kpYH71FhpNNEAdHPv8ArHe8W8mqHh8baShFtCQuzVj44oZ3tesSqABujgFYZ36lSaybecdVbJn8VRl4dvyyNjia58j3BrWtFy4nQADquodlWTI8pYABO1rsVqrSVUg1seTAejfibla22B5RFfiD8xV8d6elcWUjXDR0vN/+XgPE+C38ubdn/wAYrhj+i1T9ILNjsFy5HhNFKWV2JXa7dOrYR7R9TYe9bUlkZFE+SRwaxgLnOPAAcSuMc+5lkzZm6vxVxP1dzuypmn7MTdG+/U+ZWdWPlevc7yLNHoLKTDdxAGpKhNcrjQWjY+d/BnDzXWinF4jDIGnhq63MpVVx7Lsoz3P6j4+HzVrExJc5xsTqbcgvLZC5xJQT6d3e3nG5PMq509QRo1WWJyr1VX9TpQ5rDJNIQyKMcXE8APz5BBccTx4UDGsBfJPId1kcY3nvPRo/HgFZH0+K4g4vraw0LD/c01ny/wCaQ6A+QUnDKEwufLK4S1sotLMOAH3GdGj4q8xwNY3VBjJyzQP1mFbM770lZIT8CFTdgDqe7sNxKvpXcmvk7eP1a781lL3NAso7y03XnIdY1HidTRSsgxuKOMPO7HVwk9i89DfVh89Fd7r1VQxzRPilY2SN43XMcLhw6FWShc/DKxuHTPc+mkBNJI83ItxiceoGoPMeSfBeb3Wc7G8C/TWc6Z8jN6loR9akvwJB7g/m19CsDBXS+xLL/wChsnx1UzN2rxEiofcahn2B7tf8yxty8cWsJ2tgIiLjXEREBERAREQEREBY3tFzAMtZOxLEWuAnbH2cA6yu7rfcTf0WSLRH0lcZLpsIwSN2gBrJgD5tZ/rK3rx8spGcryNSYJCZajfeS43uSeJPVZBWzWZujgFEy7RySxnsmgnmSbK7yYBPNq+djQfAldqDGJ5OK+4LhlRjmM0eGUQvPUyCNp5NHNx8ALn0V4qcsSgXZVxk9C0hZpsWp8Ly/i9bX47WQw1e4IabeB3Q06ude1gdAPf1XmV5Ox7J2t5YFhdNguD0mG0Ld2npoxGwdbcSfEm5PmpyoUlXT1kXaUk8U8f3o3hw+Crrgv8A66GFbZsYGC7OMZma7dmni+qxeLpDu/Ik+i5BjG6wALfP0pMVcI8BwhjiGvfJVyN67oDW/wBTloUnRdemcx6jnfb2w3KnVb+zgjgHTed/z3e5QqMB0rb8OJ8kqpS6R7yqsKVXVNggbJI4Nj7ZjHOPAA71j7wFIY+4BB06qBJuSwyRSta+N4s5rhcEK3swqKE3oKmpoz0Y/fZ/K78157GVUjg6QBx05r3SO+t10tWdWMJhg/1u9ToPALCp4cdhqY4p5QYpbdnUMGjwenQ+HELO8PibTxRxM9iNoaPRei704EbL814ln42VF81hooskoAJcbAcUFZ04Li2/ete3gvPaKGd0u7Zz+6NW7p/57l6ikL2B26W+aCSX3Ct2L0hraKSJjt2YEPhf92QatPv08iVL3l4cbFBJyZF/aKuwiBo3frs0cTm/dJdZw9NV2hFGyKJkcbQ1jAGtaOAA4Bcf7F2tj2nUlM72G1wnYPB7Cf6gV2EOC5t99yK6xERQUEREBERAREQEREBcibVsXGKbQcaqS7ejim+rR9LR935hx9V1pX1DaShqKl/sQxukPkAT+C4WrKl1TUvkeSXSOMjj1Ljc/NX0T3ansv42LkaobU4K06doHuDvO6yKoDmt0Ws8oYn+jcSEMp/Zao8SfZf/ALrZzSHx24jkulJjOLYi+mvqVj0uYHXPfWQZnoDNTybmjraFaXxfEooK2aBscr+zeWlz5CCSDxsOCDZeH5nqaScTUVTLTyjg+F5afgs/y9tqxegLWYpHFiUA0JP6uUD+IaH1HqubYMWazg2VvlJf5q402NXABkB8Hi3xC8uMy+vZbPjZW17NtPnDN0dfRMljpoaSOBrJQA4Ou5zuBPN3FYU46KjFJ2hdJ943XpxSTk5HlvUulO617vCyjVLrRlVYj+pt1KiV7rMHmvR4Y5pPe3y0Hg02+Kl4gynhfD9Uke9kkTXuD+LHG92+PBWyIgt5Xuq1Q7vt/gH4oL4ydxw+igPB0jT7ru/BTY32HFWtp0w7pY/0FS9+x4oJZkurn+hXnLhxWaaNkbpOzjidxkHAkHz+RVka5ZJhNXhtbR0dHjdRNBFRvc9m43ebK1xuWnobjj0JQWSpoKiOCCSWJ0VLIN5jj9oeCilznl0rSGtZo0HgfD/ngthCanxmSqxrE2FmDUTTDSwcN93AWH/OXRYlieHFlFSVgBip6veLGEcLHWx5jmEEBj95gda1wvjivDA4yFxuxg7rW9V6PBBddmsnY7WsFcPtugv/APaW/wCpdlBcbbMYjU7W8Ga0X7Mwk/zud8mrskLm3/Yrr+CIigoIiICIiAiIgIiIMM2v4+zL2QMVqCGumqIzSQtdwL5AW/AXPouOWroj6UzpBg+AMaT2RqZC4crhmnzK54C69M5j1HZfaRFuvYY33seY4g8iFnWT8d7eM0VY4NqYho7k9vIrX7HWKkse8PjmgcGzxm7CefUHwKqw2zV7s0Ztx5rTu0rLlpnYjRs7wH65oHEfe9FnmC42KqAPsRI3uvYeIKlYg1lZC42GqDnZrlVa7or7nHAHYZUvqKdv7M46tH2D+Sxtj7EHogzil7sDB0AVQuVCndeJhHAgL3dBLiPcUPEPYv0IUmA90+io1jd6Nw8EECOJkhN2Ncb8wFUsGhoaABbgFRiJ5N3vC4HzVbvboc5u6L29oH5ILyx37Jh8nJsgafUOb+SkP0Kh0INRhc8LP3jDvM8+I+IUsPE0LJWey9ocEFWM6KqCo8TlXagy3CqmlxugoMMxOsFDFRuJ4WZMznryf487nmrv9Zp66eXGauMNwXDR2NFARYSvGg093w6Fa9AWa4X2WY6TDqWeoipKXDWF1RCNN9o+235Hpx5oMSqp3VNRJM4NaXuJs0WA8AqJVfEXU7q6odQtcylLyY2uNyG30UKolMULnNG9J7LG/ecdAPegz/6OeGnENo1XXlt46VryCf8AC0Rj/ue/3LqZal+jnlz9E5VmxCUXkrHBjHHnGy/e9XFx9y20uPbe5LYTkERFNsREQEREBERAREQa42+4GcY2fVUsTN6fD3tq22Gu6Lh//aSfRcnrtfaBjlJlzJeM4tiUJqKSmpnOfCNO0v3QzwuSB6rioua9jZGN3WvaHBt72B5ei6tF9cR2fXgr3E6xXgr4FZhPhlkilE1ObSjQg8HjofwKyPD8SZUwdpHcHg5p4g9CsRY8hSIpXMkEsLt2Ucb8HjofwKC+YvFHVwPa9oIIsQeBC1TjmBvopXvpCXRfcPEeRWz4aplXEd27ZW+2x3FpWP45AS1xAQWPA6jtqCO/tM7jgeRCuCslFMKerdG7u75+KvLTcIJMB+S9TC7SqcB1Hgfmq7xcFBZP3c5HK/wUtje0BZe28ND4rxWQm+80aheGPDInOJdutFyAgn4TP2NS0u0a7uu8FdGNEFQ6A6RSkviPIHi5v4jwPgsapK2nnLWxkhx4Aj4LIaSRlXT/AFeckPFi1wNjccCD1CD3IwsOi+xyL6JDGRFWbrXHRsvBkn5HwPpdVHU9ig+tfcL015bfdJFxbReWQkKruNY0ukcGtHMmwQfGgkrIMh5HxnOeYKc09NLBgsDj2lc4dy/2t3q4A2A6m/BW3CcNq8XroaOhppJppjusiaO8/wA/ut639bBdT7NcoR5RwI07niWuqHCWpkbwLrWDW+AGnjqp7M/GevrWOPayTDqODD6Gno6Rgjp4I2xxtHJoFgpCIuNcREQEREBERAREQEREGr/pHyW2Y1VO72Kqoihd5XLv9K5Lw0yR0v1Wb97T90H7zeR93yK6s+koT/YWlHI17L/yPXLNUC28jRdzBfzHMLr0/wCqOz6qNdcL6qTHBwDmG4IuPEKoDdVYfQV6a6y8L6EEhj7lp3ix7fZkbxH5jwUiaVsjN2pDW30Eg9h35HwKghVYpHNuNCDxB1B8wgxrMOHlhc9gIcNVQwbExNeGbuzN4g8/FZTUQsliLWcP+m86f5TxHlwWJ4thB7TtKfeZK3UA6OH5+iUX6M6+BUxh3m68RoVi2FYuQ4U9d+rl4Bx0DvyKyKF9kl6PUsdwVBkjLHEtFxzCumhFxwVKSO4QWT9FUz5O1jdLEefZusrlBP7O7FPa2jt3/hXmSIg3abFeop5W+00O+CC9U1WJYi2YCRhFibXB8wqrKVgH7NPLCPuscHN/lcDb0VqZWkG/Za+arsrJn92NrWHra5QXJlNMeNXKR/hjYPjYrPMmbLcax58VQYHUdI6x+t1ZJcR1Y3ifSw8VP2L7OJMwVUWNY4yQ4TC7eiZIT+0vB5DhuA8Tz4dV0s0BosBYKOzb4+o3jh33WN5LyZhWU6Usw+IvqXgCWpk1kk9eQ8AskRFzW2+6tJwREXgIiICIiAiIgIiICIiDBttGAz5gyHWQ0TDJVU7m1UcYGr9y9wPHdJXH82m8eQF13ytGbWNi8mL1dRimUnU8M8wc6ejkO4xzjxcwgGxPMHS/RX1bJPVTzx77jmuha4UMG97W4CpDZAdHaO5Fei3c7pBG73bdLaKi8XuulJJaeR4r1ZQWyuZo7vN+IUmKYEcbjrzQVwvQC8t1FwqjUADRU54RIwtcLjxVcBfbIMbxHCu0B7rXjo4a+/ioVPUT4cdxweYhwa7vW8jx+ay5zLqNNSseDdoQRKLEIKj2JGhx+ySrgNRrorNUYUxzu4wX6r1TUb6d36uSRo6A6ILq6PwXjsgsw2UZSmzjmeKhmL20MbTLVSs0LWDkD1JsB69Fvmn2HZSieHPOJTAfZfU2B/lAKxlsxxvK1Mbfjl2kopKmdkNPE+WZ5s2ONpc5x8ANSt6bMtiz3mPEc3xmOMWczDwe87/5COA/wjXr0W5cu5VwPLrC3BsMp6VxFjI1t3nzcbk+9XpRz3W+o3NfPrxDFHDEyKFjY42ANaxosGgcAByC9oigoIiICIiAiIgIiICIiAiIgIiICIiDnfbTskqI6mqx/KsBmhkcZaqhjF3McdS+McweJbxHK40GhDzuv0DWstpeyHCM29rW0O7hmMuuTPG39XMf/caOP8Q181fXu56yTyw/Y5GcAqNiw3abFZJnHJ+OZQrDBjtC+FhNo6hvehl/hfw9DY+Cxxzl0y9+JKsNU5h1+CnQ1DJBx1VncbLx2ltQbIMkaV6BWPRYjJFzuPFSo8YiOkl2/FBd7heSAoLMRp3+zKz3qe+KojO7JTVDHdHROB+SCkRxSGB88zIoWOkke4NYxouXEmwAHVXfCMr4/jMgZheDYhUX+0IHNaPNzrAe9b32Q7JJMv1seNZkMMmIx609Mw77YD95x4F3S2g8TwxlnMY9mNrLtkeTG5NywyGYNOJVVpat41s62jAejRp5knms3RFx223tXk56ERF49EREBERAREQEREBERAREQEREBERAREQEREFCuo6avpZKaup4qinkFnxSsD2uHiDoVpfO30fMIxJ0lRlerdhM517B4MsBPh9pvoSPBbvRaxyuPx5ZL9cTZo2Q53wEvc/B319O3++w93bC3Xd0cPctb1rpKSV0VXHJBKDYslaWOHobL9IVDxDC6DEo9zEaKlq2fdnibIPiCqzff2MXX/T83X1bRzVXCabEMcxCOgwajnrqyQ2bDTsL3H3cB4nRd+v2b5KklMj8p4EXnn9Rj/JX7CcGwzB4jFhOHUdDGeLKaFsQPo0Be3f/AFHk1/20hsT2DxZfkgxvObYqvGGkPgowQ+GlPVx4PePcOVzqt+oijllcr2qSSfCyIiy9EREBERAREQEREBERAREQEREBERAREQEREBERAREQEREBERAREQEREBERAREQEREBERAREQEREBERAREQEREH/9k=,1,0,5,0,tecnologia_colombia,tecnologia,"Display
Super Retina XDR display.
6.7‑inch (diagonal) all‑screen OLED display.
2796‑by‑1290-pixel resolution at 460 ppi.
Dynamic Island.
Always-On display.
ProMotion technology with adaptive refresh rates up to 120Hz.
HDR display.
True Tone."
7d2927d8-9e67-42b8-881a-061bac773096,Iphone,"El iPhone 16 está diseñado para disfrutar Apple Intelligence, el sistema de inteligencia personal que te ayuda a escribir, expresarte y hacer de todo con mucha facilidad. Y las avanzadas protecciones de privacidad te brindan la tranquilidad de saber que nadie más podrá acceder a tus datos. Ni siquiera Apple.",100000,/9j/4AAQSkZJRgABAQAAAQABAAD/2wBDAAMCAgMCAgMDAwMEAwMEBQgFBQQEBQoHBwYIDAoMDAsKCwsNDhIQDQ4RDgsLEBYQERMUFRUVDA8XGBYUGBIUFRT/2wBDAQMEBAUEBQkFBQkUDQsNFBQUFBQUFBQUFBQUFBQUFBQUFBQUFBQUFBQUFBQUFBQUFBQUFBQUFBQUFBQUFBQUFBT/wgARCAIwA0gDAREAAhEBAxEB/8QAHAABAAEFAQEAAAAAAAAAAAAAAAIBAwQFBgcI/8QAGQEBAQEBAQEAAAAAAAAAAAAAAAECAwQF/9oADAMBAAIQAxAAAAH5UAAAAAAAAAAAAAAAAAAAAAAAAAAAAAAAAAAAAAAAAAAAAAAAAAAAAAAAAAAAAAAAAAAAAAAAAAAAAAAAAAAAAAAAAAAAAAAAAAAAAAAAAAAAAAAAAAAAAAAAAAAAAAAAAAAAAAAAAAAAAAAAAAAAAAAAAAAAAAAAAAAAAAAAAAAAAAAAAAAAAAAAAAAAAAAAAAAAAAAAAAAAAAAAAAAAAAAAAAAAAAAAAAAAAAAAAAAAAAAAAAAAAAAAAAAAAAAAAAAAAAAAAAAAAAAAAAJAiAAAAAAC6ULYAAAAAAMgtlsAAAAAAF6LdRAAAAAAAAAAAAAAAAAAAAAAAAABI602puS4ac0JojCKAAAGTHq2bvpfWoy44evONTzvU0VRAAANlHtUvVr6+lyvPE8qXzBOdqgAABtc69V4993z16rz6WbOA6c/OuvPg+nPWazQAAAAAAAAAAAAAAAAAAAAAAAHt0dMcLW+OdNUZRsjENIaE1ZaAJn2vz1Yi+djHAlpb5mppK89rzfU5KzFoDMPv+OYl7Wzd1oy8CkcgvlB5KnGVigG5l+5vF7vJ7j1LG28ccspb1X45jWfPOnPzrpz5zfO1QAAAAAAAAAAAAAAAAAAAAA2B25oD04z44uucNal1cw2ZsyRpTTGoOrzfZca8+s+vssU5dfMtTQWehY1JMgzCycDpwFnEanpMvuGNcTqfUm84xgy+CGKnu5KheNPHlh5KecHoHn9PUcO8OvL6eNGannvyLrzkndZ3CW6ZcazU8+3jgenPjt41+sgAAAAAAAAAAAAAAAAAAAbMyjYnqJz500eM7YFlzLNlkZJnRvKtmOWc3WS+oR9I5atdBZ8dejGKdzzv0Fy3cSwQNsYJqjgNOJ1PoZfb9Zx483l+Lusx5PaM365KGpiyu6ssmhj5T49uGX6H4dvY941+d+cb5/Lvt8tg9p83f17n0vGvlnNZ8YFmrs5PWeA6c/N+nOxYAAAAAAAAAAAAAAAAAAM4unUHenEmgL/AEI0qZuLlHvJwcctW4LJqc3Rx9D5vsUcQviepxvozjRqJPpfhvsov1pS5GWa08f04rU+wD0jU4HN+eK4DrMGNdJ97Yu5rS51aTbWZlayPjDl15k+nvL6vVevLx3O/JvTw530cdZEMvq/x+vdWOnPXc+ksbkYtmLWPZzOs/O3fz4VgAAAAAAAAAAAAAAAAAGyMs6U644g583PbWXnPMyTwur9Nrp5PGDa1EsY1iR7hL6rJ58vhe5rPUrjPNSe28Nek5vbW6FNXFwwTyjbmLPqc9H1PLpfng5/0XHxnnZPsDnfR6ycb1dl5L+prMvkLl30udfQvHt6r05+FS+a+jjievnq8Z0eZ9Q+P19ZL1vXlyGd157S2KxksVip5l15eH9uIAAAAAAAAAAAAAAAAAGeXjsDqTgzTk9zYbuoxMnFG/jKLRk1Mxca1h9CYvo0vK2eLnnPqxk6abE9/wCG+wymtpNsQME8l05LU+vjtNTnY+eZrxrvm+anE+2ca7OzQS2s3cU1nVx8hce2mmvpXz+jv+nPzyXyPWeG+h5JGuw+p/F7NlFLMGzpc6jLj1ZMdMatfc/Kvp82HYAAAAAAAAAAAAAAAAANgXjsTozhTTE0s6Ti/LvDWFo6OL1XS1jWuj6Bze6l52zzs5HU8+646jF9s573h5tqW69TxYRi15XqcpqfW52Wpgnl2b5DXlO8+k5v1kWs3wStrm+wVTWdZHyXx7abOvpLh6Oy6c9GeY8+vG+nzcJ6OHpvm9HsfPpfxryfty3Eep51dzbFWKsGMmDZ86+jz8VvAAAAAAAAAAAAAAAAAA2JeOxOgOHNaa8vA3R6VHjm5fjYS9AXiONa6Pfs3tc3nrNHZ54uxM87kxtT5P7Y2h6zz16ty1jHmG5yup9YnY6mCYR4hGXL0NnpC+THyVvO2zr6EzfYdZ1sfKHDvpZfpHh6Ot6Y1Ws8/jXm67vGt7qd0nmHXj89+vzD6Q8nq9P5dLJYqxWOYKeBejz+bdOYAAAAAAAAAAAAAAAAA2JeOyN8cUYAMctl8EtKy3E6aMkpjWBHveL2Uugs1VQjS1M1R5/ucn1zfNmfTPm6WjzLc5TU+rU6zUxykaiXlbOjrhZfBk4zS410uX15c66PlTh30019HcO/V9OevrBjDxvQWbjWeXmvH/V5MDpjVadnx39ZeT1WSxVkxqwk8C78PMOvIAAAAAAAAAAAAAAAAAbIvHYm+OePSTxutPZlRSWwm07M/nrWJ0mWaMawY93xeylsWbfT5F6Y5jc9o47uZvnG86n1ZzeesWT6Y8u8lfM+k5Sz6ps6HU2Br834Y3NRZ9V4sF+f00folzj0pnP2amEfLHn9Gll+jOPfrunPPMDF+PPf4x7/AOT08tnp5n6fNL2cdHy1k4fZ/i9iMcsmNphJ8/8Afh5d15AAAAAAAAAAAAAAAAADZF87A3Zz5aOW1LdtJMrNtlnU3FtMukjMK41hR7li9hm6vTz7U+evRziuVJ77w6efHnXfnv6ys36a83QeadJyln1JZvNTDzfET5u65trusz64zfC5fJemd5NbvF+urnXR8ucPRpZr6I49u16c+fxvyLvw8c9fmtHVc9+veP1+b9McP7PIrp+HX6883ojm2CwY1YdfPffz+W9eQAAAAAAAAAAAAAAAAA2ZkHWm3OaNAZfaK1XNk4WluE7NjL0pfJY1iR7fjXU4crt4j0zznqxhGv5vceO7+Ly2ppOmfQeevU+eqHm3ScpZ9QWbHTk4+dq5D0Z1mWFh9kc7r5fKa5w9ll9S1nWy/L3n76aX6F49+r6Y85PIfR59X7OOozcTE+nvB7eb49+K9Xk0XXn7F5/R7NFuLEtgxqw6+ee/n8s68gAAAAAAAAAAAAAAAABszIOuM05o0Ze3npd75LGb+SXHjYHRmwqZdxrGj2zF3WLzmninScv6Oe11rl8Z9o4b6nLml2Bvk7LGrNeddJyln0/Zb1Odl+fjjOub2rz2J9h4vcHmObYl62ui1nWR8w+b06WX6F498zpjlk8m7cdV6/Ph6unxPprxeu5Nchm3l7ln0WrEtiLBjVh1889/P5X15AAAAAAAAAAAAAAAAADZmQdeZhzZoyNjSMZWbbLEbyOgrLqpexqxHtmLscXSV5tt53256fcnH0B5+mrs4LT13DcnR41jV550nL2fUFmJqadfNM3wreNVpsMvt/N42vLc33KXdVb1nVR8yeb06aa+jOHfF6c9ccCvlXv8GPqbvnv6G8vp4Dry0p6Ny69odjGNNY8WDHrDr547+fyvryAAAAAAAAAAAAAAAAAG0L51x0hxhoS0VKFC2WI6KNzW2q2ZWNWY9rxrssPNTRaaPU1Opv43UvBanmup9D4vTR0+Na+uB3OX1Pp9NvqeXWo5DN5fU76PVdT54PE837cl2lWNZ1MfM3m9Wnl+kvP6M7fPgNTXZ3p9Y1vXl1HPp0+8+E9/PxWsfU/n9PVZ11UWZrGiwY1YdfPPfz+V9eQAAAAAAAAAAAAAAAAA2ZkHWnYmmORNOYxQyShajfxt629Y5mY1CPZ8X0zF4084NHpbrIs3xgWeZ6nsmbtc3qM3WVw+5zVn01qdlZw1ebrj1ek6E7o5Q8DzfoWWdmZqaePmnzerUZ19Iefv3dz5z0zwGph1OTcWb7eeV1nhd8/YeXbo8a60sxYlsGNWHXzz38/lfXkAAAAAAAAAAAAAAAAANoZ50h14NcaIwCRExy2Zsbis4xjZ89ZEvqmb6VhSNAcZWnLpZqxUrMw6rN2BrK5Dc0Vn0ZqdnZaOarjDVLdKmYTiybyzMjSx84+X16qa+g+Pb0JMbU5TWeO1nW2ZJaJWX6yc30SM2rMWZbBjVhV89d/P5X15AAAAAAAAAAAAAAAAADbGyN6daVKAoWzHMAxDJM4tmObvnraZvoEvomExFCBjmurRmurbGzMatYc3ua0953nskoRIVZMU1laMwTamdGIaU+ePH7LGentfPffo1KXMdZhqY8aw0ZYrp42lRLObZLBjVh1899/P5X15AAAAAAAAAAAAAAAAADbmzN0dSTBUEShEgWyJaMY3/PW0ze6l7/KcSJiIkKtFksFisOtZWi1Nce6bz2KUBQgQq2WDHMesUwTSy/Pnj9djPT2Tnvu7JWVuZ6i5pZSyJQpLRbcWpbBZMasOz5778PLOvIAAAAAAAAAAAAAAAAAbg2htjpyYJFShQoQLZAsmOdBz1tM3t17nK5E4mVBEtlksVjVhmtrUbmvj2/eewQAQIVAsRYrGrFjArSx8++P2Wc9PXOeu51JpKp6zOyqLKVQjFuWEtosFgx9MJPn3vw8t68gAAAAAAAAAAAAAAAABuDam0OkJgkSBQoQLZAtGOdHz1ss3s17XK4TiZIqRLZaLFYxi1rq1upro9q3nsbEVKEaiWyzGPWMYhgmlPAvH7cfnv1VrtmZ1cqbM6nYSlUIywiBbWwlisesNPn7vw8t68gAAAAAAAAAAAAAAAABujamyOgJlSRIFChAgQLRjnT89bDN7E7CW5FwmSALZaMcx6xq16Yemuj2XeexSoBAjUIsmPWMYhg1pcvB/H7sXG/TzsrLhcsuJOplUESBRbZAspYrHrDTwDvw8u68gAAAAAAAAAAAAAAAABujamyN6TKkiQKAgWyBaLB1XPWdm9idXLcLkTJAEC1Vgx6xUwSzpq49k3nsEqARIlsslisYxDBNNHhfj92DjfplnXlwuVcS5ZIkCJAiRIFlLFY9mGeB9+Hl/XkAAAAAAAAAAAAAAAAAN0bA25uS4CRIqUBAgQLRYOr56u5vdnRreiZcJgoQLRYqwmMmAU1dTHsu89elQCJQtFox6xoxawTTR4X4/dqV9Tzeqq4XS4lwlZUFCBQiW0tVYrHTFrwTtw8x68gAAAAAAAAAAAAAAAABuzMN2bUuAkSKlChEsESJZOr56yM3uzeLdLhMnFSNQLZiJbSwYFTt10ew7z1iVKgiULRZLBimMYNaaPC/J7tVHqUvSpdW6XEuEilVKGEZJGyBaqylgxK8H7cPM+vIAAAAAAAAAAAAAAAAAbszTdmwLhUkSKkShE1pklCydhz1lZvcmzLxNbhMESJZTUGSlmsGslcCX1/eOoSQBQiWy0Y5hrYTBrTx4d5Pdqo9POgLi3JLpcJUKmOaKzfFC3UEslisVPC+3HzTryAAAAAAAAAAAAAAAAAG9Ms3pllwqVJgiQNYXCJkFk7XnrLze3MtLpcW4TKESKaZapaJ1hVsFwY9e3jpSQKkSJbLZqyi4tmLGnPEvH7tVXpsm5W4XS4XCpE0VlRZnGSQIFosVip4f34ebdOYAAAAAAAAAAAAAAAAA3plm9MguFSpUkQJVo4mYxtC2dzz1mZvbJIvEyZMFo2xxyyTArYGHW2XCPXNY6IqVKkShaMquZlmYNlqNOeLeL36mz0uzZl2W4XCZUw7NFYKGWbgiQIVYMWzxLtw846cwAAAAAAAAAAAAAAAABvTLN8XC4VBIqQLlmjlmUMwtHe89Zub2qWS8TJkipZN1XFxIsVk1iG7XEPWtY3xIqChQgZVcvLIxEsmnPGfH79Uek3Gbbci6SLhIwK0aCNbmMwpUCBZMa58V7cfOenMAAAAAAAAAAAAAAAAAb4yjfEiZUEgUFaiJlkzy2eg89Z+ddlc4cXCZcKggbGuTiVYtZhiHRrjHqusbwqSKkShZMuuYlkYllqNSeO+P36mPRd4yia3CZMkYqc7Qim0NmsSJEs2Y6eL9uPnfTmAAAAAAAAAAAAAAAAAN8ZZviJMqCQKEDWFwwq2URPR+etnnXVs60uEyZIoUK1oyRrq2JjHWLbPTNZ3CSKkiJQtkDRrMwbKRqTyPx+/VHfb53pZlwmSWSROZstpQur0SxKEC3c4x4324+edOYAAAAAAAAAAAAAAAAA35lm9LZMFSpUoWjCJGMZ5aPTuettnXSM6YukyZUFDHrXlTFrKMU7VaHoes7VJlSpQiWzDNctTFsjGoPKfF9DVHc9OVZZlwmSKlTV2a0tJs12SxKEUtWY54924+fdOYAAAAAAAAAAAAAAAAA6AzDdlgmSKFSpQiCBEiWj1Lnrc51v2dFVwnEqrFaiQq2Wy0WjEO9WZ3es7JJlSRQiWy0WDHMYxDUnl/i9+rXsenKizi4SJEigqJAqCCUIVaS0eQ9uPn/TmAAAAAAAAAAAAAAAAAOlL6bxcYqSBUFCgIkCJbPXeetZL6AnO1dJRIqBUCJbLJZMU9HNIeo6zsCZUkRKFstlksGKYZqjzzwfS5Tpz7vXO21MmTKlSoKFCJQizGolosnkvbjwPTmAAAAAAAAAAAAAAAAAOwMazoZcQkAVAKFChEgWz2rGuWj0mObqZIkVKlCJAgWiyYp6rWir0dnOJEioIkC2WSwYxhmqOX+f8AQ4Ho7TpxsLWW4SKkioKFCKRqiRIFss15R148H05gAAAAAAAAAAAAAAAADsDEOjMEmAVAKFChAiWz2rnrll9Jk5epkiRUAiRLZbLJjHq1aE9Jsy0mVJFCJEtloxzHMOtXHL/P+hwHR2nTjiklkTipIqCllChEiRIlstV5X148J05gAAAAAAAAAAAAAAAADsTDOiMAkAVBUiChAiQPaueuVl9Jk5PSZUmVKlCJEgWi0Yx6xWiPSLnJJlSQIFC2WSyYpiGsOY+f9DgOk7PpxwlmSJFSRUoChQoQKESBZs8u68uG6cwAAAAAAAAAAAAAAAAB2BhnSGtJAFQAUIkSJA9r565SX0uTjdLgJlQUKESBbLRjnrdaI9H1m/EipIESJbLRYMcxK1kc14PocF0nYb469ZEiYKlQChQoRIlCBas8x68uH6cwAAAAAAAAAAAAAAAAB2JhnRGsJAAFSgIkShbPbeeuVl9JjidS4CRUFChQgWy2Y567Wlr0SyckytSgQKFstlgxzFNYc54PocJudb046u2UTKlSpUAoCJEpZFYpbrzPpy4npzAAAAAAAAAAAAAAAAAHdGts6CXUlSoAABEoRIHuvPXIS+jxwepMqVJAoUKECBbMc9orRV31yiZIqVIkS2WyyY5jGtNR4fd55u9R046gmVJRJQK0iiUoRKVEiWzzfpy4rpzAAAAAAAAAAAAAAAAAHTGcbM1BUqChUAoUKESB7Xy3lZu4s8/1JgkSBQoRKEC0WD2SoHV6luSZIqVIkSBbLJYMU1xyPh+jornd9uOlqRIlCqlSpQFChQiUIkE856c+M6cwAAAAAAAAAAAAAAAAB0hnm0NMSKFSgBUoUKESB7Ty31mNWNZ871JgqSAKESJAglg9mt3ZmaliSZIqVKESBbLJYMY15yfh+hr1ze/n0dVKkipUAFShQoUSJEgee9OfG9OYAAAAAAAAAAAAAAAAA6Q2JsjSEgAAARKFCB7Xy312NYes+cakyhIqVBQiRIEEsntdu9LupjSTJFQCJbIFosGMYBzPh+jr1yPR5tCVKkgVKgAoUCUKESBwHTnx3TmAAAAAAAAAAAAAAAAAOmNgbA0hUAAAEQUIHt/LfYY1rdZ811JAqVKlARSiwSBZPcbegIamFJMmVBQiRIFosGOa80Xg+jr1l6fNzxIqVKgqAAUKJQoUIVwe+fH9OYAAAAAAAAAAAAAAAAA6c2RmmjKgFAVBQoUKET3LlvtMa0useZaSBUqACiRIkC0e7W9EYuprpLhIqVKESJAtFkxzANV4PpYBa9Pm5xKrUqVBUAqUSgKFKoQOF3z5HpzAAAAAAAAAAAAAAAAAHUGzMo0RUAAAFChQge8ct9vjXO6x5fpIFQVKAolFgkS0e+29KazU1ckyRUqUIkSBAsmOYJieD6WAYXp83NJUqVKqCVBUoClChEinD758l0wAAAAAAAAAAAAAAAAAOpNoZJz5UqCgAKlChQge+8t93jXKbz5bZVBVagohSRKLBLR9B29QaLU1EkyYKlCJQgQLJYMEr4PpYEuq9Xl5eyQipUqUKgCqFShQoRTienPk94AAAAAAAAAAAAAAAAAHVm2L5zpUAoACpQoUIH0Fy36DjXE6z5VqSCVUAlAUWiQLR9FW9YctqaWS4SKgoUIkSBaLBgmb876eE1z/AK/Hy1kgVKgAFSpEAoUSNcXrnynTAAAAAAAAAAAAAAAAAA643BI5sqAAAAUKED6H5b9ExrgNZ8p1JJQqoBAIlCJaPpC3rjjdZ0cTKkgUKFCJAtFgwjb/ADvqYk1y3s8PLVUqCoBUAAoEoLInGaxyvTAAAAAAAAAAAAAAAAAA6425U5wqAAAAUKED6H5b9GxrzvWfK9ZqpC1AKIKESJbPpG3rzh7nQlwkVAKEShAtlgwjdfN+tjRyfs8XLakgVBUAqUAAKJRKVxusct0wAAAAAAAAAAAAAAAAAOnNoUNOVAAAAKFCB7zy36DjXA6z5tqSCFABC0ShAtn0AvWHHamqS4VKgFChEgQLBhF7w/SsZvPeny6LUqCoBUFQUKkUCwROP3jlt4AAAAAAAAAAAAAAAAAHWG4MI1JUFShQFQChQie/ct+gY15nrPn2s1WqUWqFFUipIkS2fSFvVnnlmoS4VJFAChQgQLBhG78H09dLzXp8nO7zKKgAqKABABEochvHL7wAAAAAAAAAAAAAAAAAPRo9SPKK54qCpQoVABQED6W5698xfl6vPdZkAAFqlARIlo+pNvU0+c83BsuEioAKFCJaLRhHs3z/AKM8dPnv1eXQdeUgVABUAAFACJx28c3vAAAAAAAAAAAAAAAAAA6ePWjzutCVABQAAAgey419MctfN2pwGpJABUAFChEtHude8V81yrm4VJAAFCJAsGId/wCH6HU8PR8we7w03zkVAKgFQAUAKETienPR6yAAAAAAAAAAAAAAAAALh1ZhFkmAVKAAAFs2OXs/LpxVmi1L6SKAAqAUIFs3sewNedamXrOxiRUAqChEiWTFNfy7YfD0cT247vWZgqAVAAABQFDzfryxrAAAAAAAAAAAAAAAAAANsdaaIxyoBQAAAiQO9569MxryvUxrmpUopKqCCi0S2WzuV7tfPN53iXYqVKgqUI1GLZYMIw/N69nz6cD6PPn2VBUAqAChUoAaDWeO6cwAAAAAAAAAAAAAAAAAAN2ZxbLZQAoCgAKESkdzjW3l1xiJAoUBQoUqJQiluqR2tuxNZZdLhUqUAIpGoRbMcxJrF497mdY+sx1ABUFEFAAWzTbxyu+cKAAAAAAAAAAAAAAAAAAAAkCoAAAABEoVJlYmCgFBAFAQqBUkVLggABQApFuoFSUSKqAAAAKJCogAAAAAAAAAAAAAAAAAAAAAAAAAAAAAAAAAAAAAAAAAAAAAAAAAAAAAAAAAAAAAAAAAAAAAAAAAAAAAAAAAAAAAAAAAAAAAAAAAAAAAAAAAAAAAAAAAAAAAAAAAAAAAAAAAAAAAAAAAAAAAAAAAAAAAAAAAAAAAAAAAAAAAAAAAAAAAAAAAAAAAAAAAAAAAAAAAAAAAAAAAAAAAAAAAAAAAAAAAAAAAAAAAAAAAAAAAAAAAAAAAAAAAAAAAAAAAAAAAAAAAAAAAAAAAAAA//8QAORAAAAYBAQQIBgIBBAMBAQAAAAECAwQRBQYSEzQ1EBQhIjEzNlAHICMkMDIVJUAWQUJEJkOQRUb/2gAIAQEAAQUC/wDhGRGYNJl+dDanAptSPzoYcdC21N/nSytRGk0+6pSajgaYmzTcwzGNcbxhUrHxKdwkdYewDqQ5DdaOq/AxHclO4z4bZGWlrTUKFLiaNZQh7TOIUmd8Pcc+WQ+G8xgScHNiGZGk/ngY6Tk5GO+E8xbcDSkFmfH0fGQmRpPFPIyHwsx8kZP4Vz4ol6enwxVH8+PxknJuw/hpLNvFaejyZTOkYDRStLYh5M74cxHhkNAT4gfxkmN7lpbHw8XHyuslMxsW0pY3alk/L3Y/liIN5JpYJ1LhOwI7wewJGHsW8yFNqR8iUmtWitOQ9K47V+sijxtHYg8djpG0ll2dIcUUiSQTkjQOuMSymaaxeQKf8NiMT9IT4JvRnWD6YkVydJ0np2FpLGay1SplOm8MnA4p5WwglyHRsyEjrK2w51aaWR0PiskWT+EihkdFZLHG9Gdjn04jFu5nI4iNjNL4/VuqHsvIxWNbw+PyCzjNHIlOGT0hITkt2FLizSm6Oxk4T/hw6kTNNzoaltLbP2yA2Tsp2eajcWb7rbeynLyEw47WClTG3t1GLrCFArQG5zzYbypBuY24FsNuB3EtLDuHWkLiuNjSTKf5eTqKxGJWazhI2ncu5tJPFOqRl9WQMSuLryM843uZbe6UgJkyGg3kiUJGKhy0ztDRHhN0NKZEjEyo5/DeOhnJy9TJSWmG1ZnU37uPlvlSkqQjN/EaJAdxPxSYcdjqYyDPVlJG8ebCZSXCmaaxk9OT+FMV4ZP4bZKEJGLlRj0Y6nGNTdRKNGgYnXdRRUk4/kNuY/Jx5RmsjryJEdx2tYU5ZxkLBNOIBSn2giY3IKXgIUtM3QTCxN0ZNih6BIj+1Qj2AbggN7T8VX32Sl7CmdWFIhSnFS3zSZBpewYIrCYTrqWJZsAjJRGQUN4UZhUozGiYn9/Fd+tkJhQE5zVLcfGOmuQ4ZUNKZs8dLIwlvbDjabQ91dVk4laKEhBOFmJCceh2ctRaCibnMNq7kqYmA1rvUzePxayW4oyofDnVC8dO7DLYsOOMKNmVsKJVkoTYceWWq1tw8sbxrHw+YJh+Mo+pSsqjHP8AxB1KluCbahQ0VnVODxCGDWFNtuhpw2gpO0RpMg9HbeEzS8GUMhol9onmVsL9mY8sY0vqQz+pnVd8nKbabsn2dkzKjSdpZPvx8StDOp8V1cQnDT0KE7sZsaSb3eYg+Rrd/ds6nlG7Dba21PtUfgeCmdexbTm7aTjXGUS4+4ciqNIWHRqni/8AbTTe7zTHkayk7mPr6Sb+SbZ3hvNhCjbXp/I/yWGlOK3BQVtJNBpOK4eyow8fZqte1n43ekaULYKH5OrJZtSdWum7qBtjbJ5sQZSoUtpZOIct1v8Ajltkps7aUFEFJBpBoGYwjOXamRHIMj2WKRGi0JEAu/F8cydu39GJIUymQSVKeLvI/QjoYrIlPiaz2G8K2X26e0jDjbSmd4w0NMt7vMwzqLrlJuM5T62CjyVNpkpTtuditGKP+KSuksO9aLPkV7P2h+Dgz6WlSt60gaaj9Wy7XZH16g1Y7Vf1GGJCiKSSTUv9vh0sz0zIPsbVvhOremWyiw+fZn0s/wAww4jfaSa3DMY6b1sgzTqfty0eQZh5JbP/ACwijPFtvbtxo9+MisimPI2XDIGQNIMgpI1ni+sxPZWPLEDwYMZE9o2isMObJmqicOzrZSMTmJOLXksrIyrkcrjMHbRh8vt67MAX9vHP7XNET5x8YpbTSjSalUlXeVpqP1fFpMNTHYhrccfWyW1jC7zbo1IX3WyMKX92XC5qIU+NIwz0zCMObRLX3a3jmjYXU8AabJ51+KppC6V2wb7sg+zURf3MTi9NDb2WNRROtx58JczBMubaXV9jKDdehM9Xj+KU5B9hPeMl9sA0gyBkDIKIOtJdRLjnFk+yR/LEH9WxL83a3Z+eNtSA2naNNuraw8hxhxxtkNu7QgnbUbylB0vtjLswRf27Z/Ql9rmWQ4hEqAjU6X48mMvC6celKgtrfH8c7u8lrKFAcx+rY0wRDuC15Lo1EX3GyMPztJfQcLaPUaZEMZXTiNQJejyWl6Y0g847jG17ieo2W8p8So7D2G15GyCiO8ek+5IPs1DzeJxemwo/oSC3icnIfxr2Q06UxtTT5r09p9yCqDFdUzLY6kzM16w2vFani5VSTvEGQMgZAyCiDhDWDG5zvskfyxB/RAl+YpO0RkaQUlZDeG4piSaFK1OUqOtZuraLsYdNpUXylBwvtDLswnNk+RL82QzvUTMdTzOZyLSYktUqWjK9Tb1ZqhDWMMzWcf8ATSmZUlDHDujUBfWoYjnafJX5s2GUpqfh1Q5TecySE4J835z2SLHs/EjUqGIHiGv00PqFcmIn9JHhqHm8Ti9OBR/SX4z4m+ScNcJ9OdyNYaTsusZr+NP4h6hS4wPA9K6gVlcWfgZAyBkDIOENdprKeyR/KEL9EiT5hjq6lhcQ0hDdBR02bndik3RbNkIXkqC+EMuzDc2Lh5fnLMkkePckpewxpEaIlsakd2YOqJBrcYJommqqG+caVFo47pDUBfVoYrnRH9BXmOuoZTIQmSheIYWcHGtxC1xJNCddPm5n2yaSw34YCV1PLI8uR4ah5tE4vTviry1hxRJD2LU8TmH2DixksFl5FZjPvG9lKZSz/vpGWcbNF2kogZAwYcLs19zD2SN5Qh+WkFGS/Ii6cgNQMgo237Mghe2HPBX6YuE7kZDkQoxiF+qgrgzLsxHNi8hyKhclePjw2tQahk5GVHnSIjmA1AWXTqBO1E1EkltYvGvZMbhLRJGJO8e6NQeaMbzo1fbIaLbyrqMfEzuopeYkwMtMxj2i9XIzzGsW0qTrRO1k8bi3cgwpomyjebHO2JHhqHm0Ti9PfsRbQYhNOLz62sJjsjl5ORfx2amYx3C5ZrLxdQGTcnUrW6zcLEuSYT7ewWIsso15ZgyBkDIOF2a/5h7JG8oRPKSYnK3YbyLjLHa6o0mQIwvvJQW2lC1IU3JNaU9qoPa0oHwZ+GK5qntb1JJ6m3qvNORMaSdoGRpESUuHIkbE+E3CXMx6HFNqakbxuKyb78FBJivDP+ZQx/Oi7WdQTDiRPiZm3GlJRZGRpGGya8Rks8wWUxWQxzmSwDTymjQ9towkU5eSa8qR4ah5tE4vA+ZE7z2almy/r/NOyJhIMyPujTWS/jspn4hvxstGVNxLL6mQ47tjS0TrOXQmkGQMgZAw54fEDmPskbyhF8pKu3JKtO13ccwqU8+zsu+Cm/02t2oyJ0NkpAYZU8qGVMqH/TMuzGc1Quk62c+x1C6bsLGRlS1rbIENLub/AAknaYKXiGtQGxgckgYnBKglAL7N0Z/zBB51vNlrXj27x+unTeyECKqS2pvujRTn8hpTIE7jhktJN5gRtL5ZStP6Z/i4qPLkeGoeaxOLwfmRntheuHTZk6u59HiG9DW33S8I59dx0l9UE5mlutpj6XyshzCYRGKhl4GDBgwsfEHmPskXyhE8pZ7Lss+54txnty7PyK5pq/ZBUlRbQQjvEmhjS7kTyFBPBqLsxpf2xq2VZ5PXMRIT1vTuPlLhyJ8w5Sv99KINGIdRvCdgNuLSp5CMcn7OGX2bwzv7iAX94+fZqguvac1A11vAYqe5BkTZG+MfD1k2tNTInWEzMS2Tzrr6W8MisKn9JHhqDmsTi8GVurcprWiOtRtSJ37WIyTkFUt3bBDFJ3WOlMbwlQUIdceeUjHI/qa7DBgwYWPiDzH2SL5QieXNTsqf7xIslqRuz2zrxBmFq2EsOnvCSVQdkmInDrCODPwxnOMkk2nFr2m2o/Ushl8S5iZW2dMMqkOw2Sis53K/xUPFamfVIKOiomz1GMVRXhnf2oY0v77KpNpbbpGTeKKOvLYqRhZprMyxkF3JTsIyiNB11qpzTsTT2tpEuYrFsoSltCMcX6yBqDmsTi9Op2pMozYdfp+MxjjejSYzsGQazUMJjzyU9lW2jVWoncYrAaiVkJCozTSWUp6gYMGDCgsfEHmPskXyhD8uS1tpdRu1PNm2tLw3bZi0NhAf/Rj92v0Y7kZktllQb4NRdmL5xkY28QtGwbu0TnWNhv8A03iJBw4cHElGTst61QZsRP3xCzXi20kiCXdQ8M34mQxnP8nF3zbjZkCcOUmSlDrBaGxD68ThoOHbho3bHxZZUWQYEJ83MetJNQT8JHhn+aROM0wX3uXhbaVbSkrVv2nnI85tGlMUtTDMaGy0WyjWrZpzMZZtyHC2ijppIMGDCgvw+IPMfZI3lCH5fiUyIThOt7IXHG5MEgxVAysmWTJxCewv08CUGeCPwx3ZmFESk5TGb1MpFBW0kbRBlKVqIqKfCRkIkbSkxMlppLLUc986YdGZFDG8+UW0WWxe8EpBkZTnUhMtoxjm2Xl0NTYBvUeMgfDvIpmn2Df9ZcV4SPDP80h8Zpnsnutk4WWxZkcntV1haQUhBiGlCzoagwhZmNh9ISG5oxNyHAYMGFBzw+IPMfZIvkmkt1E8sjB9oeipcDmLBwHEhKCQFJjqBxEGCjLQpJGQis7IMKEVO3EkM01B7MuR9iisS8Y3IKRpntPDPtGlKGyUmGobhQSUpB04oY+L1dCg6MojaEhujx3PgpO0UzENyCf00ZA8O80ZIQgEplIRMlpBz5KzUtx44kfcoWJHhnEXlG2d1P052ZGw4gllNwjcgPaaWkfxTzB/QIqjAikEEOSghhchUJgo7IMGDCgvw+IPMfZInlFw8Xyi+U0JMKjNqC8chQ/jaDUNLfQYUMfwrpf1MXsypH2X0mkgphCg5jWVh7T7Kx/p/ZEbGojjwCg6J/6SU/YwOf8ASaQbRGFxUGHcY0sPYJtQLCbIYgJZFUSxI8M3xzxfeYA6yZH00N2QVFbUHcQw4HtNtKCNO7IiwURk9BgwYUFj4g8x9kh+UXDx/KI/wH0mFDG8K7ypnsyiTFgjFi+gwYPoMLDom+XJ4KFz/wCUwYMGQMKCxI8M3xz3GYQ6yxGLF/NXSYMGDBhfh8QeYeyQ/K/67PkpF/OfQYMKGN4R3lZHWTSY2hYsWLFgzBgzCjCg6JnkyOEieoPlPoMKBhQWJAzfHOcbiTrMkYsEYIxfzX0GDBgw4PiBzD2SF5X/AF2/IIX0X+AwoYzg3uWr7MikxtAjFixYsWDMGYMwoOiUX0H+GjeovlPoMGDCgsSPDNl98vjcadZ0jFgjFi+mxYvovoMGDDg1/wAw9kg+V/108On5L+Q+kwoYvgnuAkdmRSYsWLFixYMwYMwZhQcEjh3vKY9SfOYMKCgsSPDNl96fHwTrUBGLFgjFixYsWLF9FgwYMwsa/wCP9kg+V/6f+sXh+NQxPAvcHL7J5GLBGLFixYsWDMGYUYcMPcK4dpb9TfMYMGFBQWJHhm+NI9qfF7NREYsEYIxYsWLFixYsWDMGDCxr7j/ZIXkrUSiPhS/GYUMWrYx7vfOf2TiMEYIxYsWLFgzBmDCg4YdOopoLeo9TfMYMGFBQWJHhnFbGQid/Js9mpCMWCMEYIxYsWLF9FiwZgzCjCzGvOO9kg+QFcIXTfzKWSSJW0QUMbysy7MlxiTBGCMWLFixYsOOkkbe0lRhww9wY/wD6b5zBhZ0FBYkeGf5hA49PZqVJgjBGCMWLFixYXLQldixYMwZhRhZjXfHeyQfIC+ET81ixYV33E9hBQxfKVeGW4pJ9hGCMEYsWLFhShe2PAlGHDDnAg/U3zmFGPFCgsSPDUHMMdzFXZqYjFgjBGLFixYec2URk7bu0LFgzBmFGFjXXG+yQeHDnBl4dF/J/xS8ogThBEizBjE8oMu7meySk+ywRixYsbQWg+qk6oht0lEjaMzDhhXABfqX530Ghglg/02rCw/4ag4/Hcxd9SkYIwRgjFiwa6JyUpZpknXW9kMySdFgzBmDMGYWNccb7JB4cO8En5LF9H/pCQlO0oGMRydX65zz0mCMEYsWLCz7s0tiBYI+6RbajMLMf/nh31J83ieS7GRf0gsP+GoePxvMpPZqUjFgjBGCMWJKqasWLEVO0uxYsWDMLPs1txnskHhg7wRfJfQYM/ohAY/YGMNyZX657sdSfZYIxYIxYcPu5BX2dgj7rB9pmFmC5aYf9RF8xHS8n5Ng/KSFh/wANQ8fjOZzfUyTFgjFgjFiYf0rFjaEXyrFixYMLGteM9kg8MHeBT4fNf0gkNKpYMYTtwiy7uofNSfZYsX0WFHZSHNvG2CPusrpZmFmEcrNIk+ovmUYyStqNYM/pEYUH/DUXHYwv7PIepiBGCMEYIxYkd5qxYsQ3OyxYsWDC/DWnF+yQOGD3AF890QSDCf1MYHkii7uo/MSfZYIxYsWLBufZgj7v+/8AssMFeJMhK9Q/MYkOXCsf+oKD/hqHjcYX9nkvUxGLBGLFiwfaThbC7FhmzdvosWDCz7NZ8X7JA4UP8AXzmNkwRUEJ2lAxp4rway7upvMSfZYIxfyOdpUY8EtJ2lGFmIpXiDITPUJGL+Uw8VpIjMGdNpILD/hqAvvMZzPK+piMWCMX0WLEtraCWlqCiNAiIoWLFiwZhRjWPFeyY/hhI4AvyGNN8jX+uqP3SfZYsWLFixfQfaPAGYWYg8nMTvUBdFi+iwYMGFdoMKD/AIZ/i8ZzPL+piMEYsWLFi+kyI+ixYsWDMKGsOK9kxTZusqISeAL8hjSbG/wqZTpydU/sk+yxYsWLFixYMwZgwsYxreYNPWI86f6gIxYsWLF9BgwYUFh/wzsZSxiSWjL5n1MQsWLFixYsWLFixYsWLBn2av4n2TAj/jJ4AvyGNHdmmmxqnxSfZYIxYsWLFiwZgzBmFDEH/wCLzD+7yHPyMX0X8hgwZhQUHvDO8jx3M816mIxYsWLFixYsWLFixYvoV4at4n2TA+H/ABk8AXzX8xjR3phr9tVhJixYsWLFixYMwZgzCxifSsvtmZHnxGLF9N9BgwYUFh7wz3I8bzPOepiMWLFixYsWLFixYsWLFgxqziPZMB4f8ZXLy/IY0d6YY/fVngkxYsWLFixYsWDMGYUYxHpSTxuT56RixYsWLBmD6DCjCg94Z/kWNP8Ass8f/kxGLBGLFixYsWLFixYsWLBmNV8R7JgAX6y+Xl+Qxo70xG8zV3gnwsWLFixYsWLBgzChiPSb3bOyvPSMX0WLFiwZiwZgwoPeGf5Fiu3Jag9TEYvosWLFixYsWLFixYsGfZqnz/ZMAC8JfLi/IY0b6Xi+ZrHwSYsWLFixYsWLFgzChh/Sa+2dl+fEYsWLFixYMwYMGFGHvDUHIcQX9lqL1MRixYsWLFixYsWLFixYsGY1R5/sml0bx7ZoS+XF+QxodO803G87WX6pMWCMWLFixYsWLFhQwCdvSbnMc0f98Ri+ixYsWDMWDBmFB3wzadvTuI5rqP1MRixYsWLFixYsWLFixYsGY1P53smKUaGFKU4czlpfkMaMdUzhY+LKO5rT9UmLFixYsWLFixYsKMYBSiwEPG9UPOc+IxYsWLFixYMwZgzCjDp9maccGIY3WQ1L6nIxYsWLFixYsWLFixYsWDGpvO9kxvCiZy0vy6QL+hUXd1r+hGLFixYsWLFixYsGNPchV+ue58RixYsWLFiwZgzBmFGHfDMedA5hqb1ORixYsWLFixYsWLFixYsGNS+b7JjOGE3lpfkMaO5Cr9dbeWR9Fi+ixYsX0X0GNOcgWXd1Bz0jFixYsWLFiwZgzBmHT7Mv5kHj9Uep7FixYsWLFi+ixYsWL6DGpPN9kxnCiby0vy6L5Cou7rjyyMWLFixYsWLF9BmDMaZ9PrLu6i56RixYsWLFixYMwZgw6fZlf3hF9/qr1OXTfRYsWLF9Ni+kzGo/M9kxfDCby38uieQKLu658ojF9NixYsWLF9BjS/p5wu5qTnpGLFixYsWLFiwZgzDvhky70MvvdV+qCMX0X0WLFixYv5jGovM9kxXDCby38hjQ/IFl3Nd+UQsWLF/LfSY0p26ddL6epj/vUmLBGLFixYsWDMGYMw74ZAhGT97qz1R0WL6LF9FixfzGNQ+Z7JieGE7ln5DGhPT609zXnlF+QxpH048X0tUc8IxYsWLFixYsGYMwZhw+ycVpjlUvVvqjosWL6b+a+i+jUHmeyYjhaE/lZfl0B6fWXc155JdNi+m+i+gwY0b6bfL6OqueJMWLFixYsWLFgzBmHDEorbbKpGrvVBf4Of8AM9kw3CjIcq/L8PfT6y7mvfKL8Zgxov00/wCRqs/70jFixYsWLFixYsGYcMPdrKS+vq71QX+Dnv39kw3CCcf9X+X4e8gWfc12f0i/IY0V6akcPqw/70jFixYsWLFixYMwow4fYs/oX9TVvqcv8HPfv7JiVkmPviEp3ahfl0JJS1gjmINOsnd82X5DGkZqGdPPT0LZ1K9vs0RixYsWLFixYsGYMw4YcyDZN9eQpeoXus50v8HO/v7JhW97H6qYk9kL8ugGOsYFzHHu9XnccvyGNEMb7TU6F9jqdV5sjFixYsWLFixYMwZhZjqBvxZUA2Ean9Tf4Oc/f2TRiCef/jEDJo3afy/CIydgHESNW8L+Qx8MVE7pyRHJyPnXd5MIwRixYsWLFixYMwZhZjTLCJOD1FASWE1Kvb1F/g5s/q+yadldUyR5QZd3af8Ay/C7JFDy55JI1e6W9/IY+F+R3I66Qzaty8lQsWLFixYsWLBmDMLMaUypR4kzJIkRZUjfTf8ABzCtqX7I2vdr64ZiQ5vAk7L8mNmnj538+oZ6V1o2nNtH4jBjAZD+NyZ6kSR6jmFJehSSfYsWNoWLFixYsWDMKC31Rj/m1iW9syiOy/PYkO7572WCpK1JwylCTCchL/Lpw25yz0fvUZHDycE8R/jPowDDeVNWiTktvwZWnJKHCUW0NobQsbQsWLFgzCg4W0ULDJmKkaLW6ylt3Hu/nykvdt+zsZR1CSyK1A904NkxsmKMUYoxRivmJRpOLrWU0ktWrdC2ILw6q6Q6u6Nw6Ny4N0sbtY2FDZUKMdo7QZBLqmHGPiFJaB65TKQXUzBSHyHWXB1pQ62odbMdcMdcHXR14h14gc0gqYQXO3Z/6sfSr+fRLRu2h3h2izFixtDaG2N4N4Q3hDeEFPpSJOUSklrNavabMbRjbMbZjbMbZjaMbRjaMbRjaMbRjaMX07ahvVkOsODrDg37g37g37g37g37g3zg3zg3yxvlg1mfTtqBOKIdYcHWHR1h0dYdHWHR1h0dYdHWHR1hwdYcG/cBqNXTtqG8UQ3zg3zg3yxvljfLG+WN8sb5Y3yxvljerBqM/wD4R//EACoRAAEDAQgDAQACAwEAAAAAAAEAAhFQAxAgMDEyQEESIVEiYHETQpBh/9oACAEDAQE/Af8Ak1GGM2VOYGl2iFl9TWjpQoCLAjZ/EWkfwyOKBPpNsyO0YGi0UzhLQUbNeBrwxSpxxcMU5VkI/SL0zVPKAhCO0bb4hag64YXgF/jXia0MgZRxDIGlzfUrtAeStPyPEX2Zn84BgIlFiiK4c03DHGIars3D0rXdeDBm46XDERKIimAkTh0wjCUCYi8ZYun144ZwiIQhaSLulaaqfUXjQI+xcMbhVhwjnt1R1NwVoz84oGSaqMUXAXypxG+cU3HA3VHU3BF3pOs5/TVBTLOP066APZRt/gQc1/8A5kO1qozRhOGbhkN1R1dgC8ipQAOqtT/qL2u8hjfrVRlHIOMZDdUdTfqvFEXBWm432e7G/WqjFNw93HIOMI426o6uv8vESUXF2qDi3RAhwm613Xs3DG+qjhG4ZrdQnbnXMVsfcXsMG60bIm+zH6xvqowm4XC6FCjCbgitcMYm6p2519ruKibx9XlI9p1lPtiFk49IN8RGN9MmckYTgGSckYhqnbnX2omCh6v6U3TkPqoxEcUYm6o7nX+EtRBHo3Mb5FFOdCa77d1jfVRjjLOGMAuOAao7nI3NcQiA7Vf4m/VAHoXP1yn1UcI5Iw9JuqO45Dmyg37kvqooHQUQQjudkQoUZD6qKB0viO53CfVRQOl8R3u4T6qKB0vidvdwn1UUDpfE7ceE+qigdL4nbjwn1UUDpfEdx4T6qKB0ENUdx4T6qOAOB0ENUdeFaVUcAcDof0hqjrwn1UcAcDof0hqu+E+qjgDgdD+kNV3wn1UUDoIa8N9VFA6CGvDfVRwBwOghrw31UcAcDoIcN9VHAHAG0IcN9VFAA/IQmffDfVRQBoF3w31UUAbQu+G+qigDaF3w31UUAbQu+G+qigDaF3w31UUAf6rvhuqooA2hARw3VVtAG0cR1VbQG7RxHVVtAbtHEdVW0Bu0XHhOqraA3aEUeE6qtoDNoR0R4Tqq2gWewI8N1VbQLPYE7RHhOqraAzYE7RHhOqraAx35CLpTuE6qigMEsCcE7XhOqooFk6GhEyFabuE6qigWBlsKAne+EaqKBZugryTv4QKAz9o2SILfR4BrE8KFGYD4+0LUrznVR8UFQVChQVBUKCva9qFFxP8AHZUlSVKkqVKkqSpU/wDCT//EACsRAAEDAgUEAgIDAQEAAAAAAAEAAhEQMQMgQEFQEiEwMiJRQkMTYJBhcf/aAAgBAgEBPwH/ACa6skqVPimkKPISBdHF+kXHdTK7oPIQxPtBwP8AQp8MqfNGcmO6diShJ7lXURlBIQxCusc8cwbK6c0qVNRkAlR4cXv8UGJ9kwIqTshgk3KOERbLKDig9BwPIDxHKO6Ao4eAUGY+A9yoTtkLJxhYI6j1GuI2O9YUZAYQer8bYedqPbxCgoU3NOY2X1Q91g+qmhEiEEL0OYGFfjAY7rfwnK26Doq6+cUFQgYQyRQV7o2V4NN1gnsp7RFTcodioRztPGNOgBqc4oMgqMgyOshYUKw3fJDvQ1BPhHGT4TmBhSi6oaumMgoKwh2UqawoQyGyFhQoN7pmJ09nLqCfiT8W0knsEME7lFrmeBtuVNDQZh3q4VFBkhRUd675HWKFhk/9XSKHssFv5Grm9JzstyEE2QRqaGgzMUE2QRqKDJKmrVBzOsULCsrqQNNlh+qg0xBLc7LcWMrCAjdGpvQ0FA1Qi2KNTSAFvkFBkAUK1GoH4wt0chsULCob1FNaGotDrojpMGmF6rq+MJqf6nOy3FjKMpoaBNvlBipqKChQqcko5DZCwo5YAgTV7eoUw3QYriGG58O3FtjdGDbLOQ3obUCYmdI7uR/5R16NMLqCJmooKFNTOkD5I1hAqcrrJthS6wfVN6QO6NCunum4sdnI4rQi4uM58O3FhD4iPCb0NqBC6CsIo6+cUFQh37FbRmGQ2Q9RXCOyiRBRp9qKR4GW4seI3obZGmcgUZRQZBQoZBkNkPUVD4KaZEij3dIQTWynMUeDDtypvQ2qKdRUzQZhlNJzDIbL8QhQtnugS2y/ld9Lu7uaMt4sO3Km9DklTkmhqPKK/adZD1CCGQUaYRdQ58O3Km9DbwSpyig8UZdih6jwyp8GHblTehtrt19oeo0WHblTeh126+0PQaLD5U34Ddfab6DRYfKm/Abr7Q9Romcqb6Hbz7lfaHqNEzlTfgNyvtD1GiZypvwG5Rsh6jRM5U34D7Rsh6jRM5U34Abo2Q9dEzlTfgBujZC2iZypvwA3RshbRM5U34Dco2Qtomcqb8BuUbIW0TOVN+A3KKFtEzlTfgNytkNEzlTfgNyttGzlTwBPyIRiOyGiZyp0A0B9ytkNEzlTfQDQfmVshomcqb6AaD9hW2jZypvoBoP2FbIaJnKm+gGg/YVshomcqb6AaD8ivxQ0TOVdeg1x9iiZQ0TOVdQa4+xoNE3lXXoNcfY0Gibyrr8AfY0GibyruAPsaDRN5V16DXH2KCGibyruAd7FBDRN5V16DXO9igm6JvKuvQa53sU1N0TeVdQa5/sU26bbRN5V16DXOb8iulNtom8q6g1zuzimlYfrom8q5Qh5hoMQfIoDusP10TeVdQeYFSh5sYQ6jdE23KmyhDzwh5ntkLpTf6QQp0EqZ8zvihiIGdAOY6VHnhR5olfxLpiyn7UqVKlSpUqVKlSpUoD+uxlikKFH+Ev/xABOEAABAgIDCwgHBAkDBAIDAAABAAIDEQQSIQUQMDFBUXFyc7HBEyIyYXSBkbIUIDNCUFJiI0CSoVN1goOEwtHh8CRDolRjZJMVkDSj8f/aAAgBAQAGPwL/AOiOxYsPzWl2gLnNI0jD8xjnaAuc0t0jDzDHEdQVtnxWQEygGwXGeQBcnFHpEc4oTTZ3nMvtXS+iGKoC6H5rmmWlcw1la04FsOEwxIjsTWqvGHIsxmeRModHgC6N0XW1X9CGM7v6IGm0mJGd+jg/Zwx3BVeQcOvlCnck+ofqEtyJgnlG9XORrwSZfLapESOAECiwXRopyNXKUyIIDBaV6Dc+isplNZ7WNSLYcDTnPUh6VSI9JdmDuTZ3NCqmE4ftz3omA8NOiru/oi6CS9uif5hGvR3EDKy3A8nRoTojsssi5SlHk2YtPUnUe5kKHFMP2tOjCsxvUwZdK/1ESPS353PkPAKXIuZodPej6PGDdPNRLBXbn/8A4ufBdpFvxIUqls5WkvtDT7g/qnQKMBBDhzi3HJOpUW2I9E5AupdE+C6VVZHDrVrJaF9m5Yla2XqAATJyBNiR2tiXRiicRx9z6QnQYUuaKzh8x91vjb3L0mPz6bSvtIj3Y0556IX2bZDOVbUK5zXN6wpRQyLrhWw6h6rUTRooPVP+qthz02L7SG5mkepCo8FteLFcGNaMpTYLKr6S62NH+c/0ToNFtitIYwDLFOLwFukhQ4GOM7nxn5XORccS5jZDOVbUK5zXNX20OHF1hauhUPXzv7ouokSfUDwP9Ua0Kf5b1KLDdDP1D1IFDge0iulM4hnKZRaKwGr0ohHOec5TaFRDIxHchDq/83cPFQqLCEqot6yqzsqsAaPqXODToKtrMX2sOHF65WqYHJu8UTR319BmpOhEqT2lp6/hrA7oi0o2qWcyUOENC5FvujndafSYrTDhttc84m9WnqWKsc5VrZKbHLHWXPaQua5WtCssXNtVrUyPEHMo45W3Pk/NHnKjQnWiLGt0BMhDEqjRNreaG/MVWeeSblfwC5KBA9KiZXvKq0iimAD78PJ3JsRlWIx1rXtyrmRC3SrRXHUqrub1FWwW25WWImGah0S3ImEa48dyNaEe61R6fFH/AOM2TJ/O7+00ecqGYnOa1z6Qf88FJSlMZAiS/kYQxuyn+iMKi0b0kj/ciOxoMpUA0YH32ms3vCEVlVwInNpXMiEaVa2sOpVXWjM5GtRw2eWHYiaNEDTmIq7kSxhiNzi3cjXhGzMqTTD7R/2LOoY3cE6TrZLlX2ijw63eiXdFlpQqiZPR6hnRi0mKYEEW5ievqRh0WhB4HvPxoQ40P0N5xOxsXR/CuZF7nLnMnqqo+36XBWwQ3VRMF4afBEtFZq58Jw6/hUQ9Ur1H63qeRgmmPdaS4vVBhUtgfRoVYiEPeOSafEznJe+k36zIbnDOAg11ov226U8tFUvcB4XrmOP6F8VR4nyhNe73WVz3oRog5zoZEJmTSnRHY3XhAiO/00U5fdOe9YPBFpNoUvdU73Pa1+sEyHBbU5Ql7tyNqf8ARQmfmoj+5F7skgokPHHjQ+aMwzouNpN5lAjPnR4p5k/dd/dTyXiK7awVU3/t4EOLrNUSjUdvJwmZOsqWdXXf8lViPzRXSWLG8MCi0ZttJiSmflGS9avQI7plonCJzZResCsImqrrResMl9pCa/rlajzahRdR3cqMyLHtLXDP8HfpF6haxUc9Shj6FC/aTWhSx3gm6VWFjWhMpTRIPsfLOqhxZL8PWPC9c39XTUfrKi/sBXNE7DR3eZVRIaUReo8U9KrJ2kWLmjnZ1WmpHoutCqm/B1DvKKp3VQ4G5d6Z1xeCgNnZ6NB/O1SmAig5pk5pmCqLSMr2AlFjLC7mzVsiCqh7ipG8VS9ZQh9Y3q7vaJfkqOOtQNZ5/NUtpyRB5QjaABegx29KG4FNcMRxIQWANr40Gu95FjumFVPqkOAZH92J/VPgxW1XtMj8GfPOsSoTvmcVGTNVD6XKbTjEnIVflmb8xkUFwk9rm4sxRZlLmgeKrZQb7eUMpOPBcyHNUL67n11G0qkyyMa7wVzov6J8SA7zBSHQfKYzp9XEAB33iM0Q8EOpAGRBHgoTRjUOJ1yN9hiZGy/NcyGroMBn/poJmV3p7h/txWngrj0z56NyJ1mOXJT+zccSiFvRnZegg5C4fmgVbb1qzMoT84vFUpzzbXxKGxrJVnAT71dqHOdWkSmdCo2lNdme5qZSfdpMGHFHhIpsJ/sx+SJGImy9RCcfJtTHKZyHpZ0SE0jE631vTGD7WDY/rb8GdpvXP1nqMh1JzTidYi1yOa80XvsiCw21HYk10cgNb0WNxBRQheZru4Xrm/qxRtKM7QWAHwVMuY+zlrYTv+43F4hGG8VXAykcilkvQhldN/8Anhe5to60YkU25lF+lyaeq9C1OJvXQ7LA4rvUaE7FEbVVJoBZ/qILvSaOM5HTb4Wqre0qjsIkatY99vFEFSYwGac+Kee5N+m8VSdZQNo3eru9q4KjHrUZoxm1ulDmnl6CS4D5oRx+BXWrUAMpTIX6NoZ4KSLA0HSiXGbjjVFf3es6G/oPFUqLBONji34K7TeudrPUW8cyniib1IzCnkzlc0EjEE+O5phQG/7jhjOYKQbPrKzKLovs13cL1zf1YoulEdQTjDE3Dx7kaRRqsO6gH20A2CL9QXJxoMWG7M5q5ektdRqG210R4kT1NRLYdUHosGQIxIrvRoA97K7R/VGFRqL6RL34hQbFh+iuOXG1UnuTdF6DqHzG9T+zQOK709q5eAOew1usH5k+6NyGgUjHSKDO0H5m9S5KLAjMf8rmGabTLownQKI02MfY6KcwC5zZE2p8WNF9Fo7cvvH+idDotC5YD34rk2HGZ6I92KsZsPfkR03iqRpUDaN3q7vauChIhNjw2h1Q2g/mD1FGnXHHKwT06N78I5lyZhRK/wAtQzTabTYdR3+zAd0nOznqC6JJyox6dFMCEP8AabjOn+iLIFz2lgyuNqEIA0ePkhvNjtBUHXPrxiMTwH/l8FdpvXO1nqL6n9UKxszIxBzbJDqVHbS4bYkODAPJQgOaHZCUXHLe6r7Nd24Xrm/qxRUdAvV7WRBbXZYVVMcROuIyZTIlMcYzGW1MiiR4gtebdGZRK4rUiLC+zGRozok470ShRHTBbzNGZM0XoGofMb1P7NB43nKWJ2QrlYYdAijE+EZKTozH9bodq9IpbjHczoNOdMMS1z3eJUWiNtpL6pP0i8FEoEd1Z8MTaTlahovUjSoG0bvV3e18FBRUxjXK0dz6PEzsKk6Mwn5uTtUSkRZxqSRVYXZOtUeFjc45cpzr0OHbH5T7V/C9PKuRimcaE7ndfX68E54I+Cv0i9c7S9Rb/RlpWQ3pIaicXia5nqM2jtwvXO/VgUTSu4KZMlMsqDPEsUxVePoM1NMA+dUdv/iwkS8TK5uJQoo9x00yWKV6BqHzG9T+zQeK705TeceIZSpuhVW54hkpzsztMwrBaqHLO47lS2nIWeVTcJuVmJUaJkrVToNiGhFR1A2jd6u72vgoKOlStc44mtEyVWcGwtdymej8zbQrFQRk5vmVKn+mfvTZjnLqUNs+bF5h4evRtlxPwV+kXrnaz1FUMOdVBtJzBMjwX+l0+MakGDkYc5T4dYOIONuJY1b0rzD3LkINXlCJgOMpqrmx6bztN5m0duCKud+rBvUTSrTIBgLlyjJPj1SaxxMGVPHKnkwbAMQQfCjPY4ZQUWRZNpbRMyxPGdGeJrgVc+O3omEYPe0/0UVsGqSxtYtLpGSIbaL0Cfyi9A1D5jep/ZoPFd6JOIKPSGyL2Q6xc7NmTnRI7nDJm7ghFo1IfDcMxRhxJQ6SzpMGLSOpQC/otiFp71CpI6NJo8OJPrFhUWIyrycL2ltoGdGSZpTNCKjKBtG71dztXBQB1p83SbWkJqkxoFWbBzoj8pyBOfEiudpKrQYxllY60FcrD5pFj4fyn+io8Y+6D4i1Uv5YjuVbocJr0rm+jtdVcQbQdCkqLL9K3eh61G2XE/BX6ReudpeoiEvkVFax5abSSOtE5Temppzc+LSgRzXDMrcd6tnM7zNo7cEVc79WDenDrUd7bDVYAqJAhxJcpAm/r/wm/DjwzJ7DMIOb7OMyY71SaAR9uw8tA63DpN7wptJaVaLUxjbS4yCZVxSsvUfUPmN6ndmg8UB9S5pkXxA1Cgw3yh8iHO6ziF+DSme6ecM7cqrMM+UbWaevIiwNnSaCTFYPmhHpDuKm0/3XX1qBD+q3RlQ0IqN3Kj7Ru9Xc7XwVH6iqJBDpcpGt0TUeiB/2THDm9cpm/DJP2UTmPTpDnN5wUGkgTi0MclF2fuu4LmmzMsShH3YfPP8AmmSl61G2PE/BX6Reudpenpp+lQ9JCbCY0ve8gBoyp4Daksbb8simLH71a0qWLKb7do7cEVc39WjenIuGUQyrlPz0dze8OVRkMxTa6q3qCdLEiobT7rnM/wA8US1vPBrAjGDnRj0Isg0/HFozrA/rauTNCjVtFiiRYpBpLW9FtvJ/3UHVF6j6h8xvU7s0Hiu9QXD9L/KqPEyRaHCcE+rCMUQ2l7pZBnRlivUUPxhtWeixVmQxXhurB2b+yfS7jVRExxaC4yLT9PUhD/8Ajo4d9QkPFR4sRzYlJlVeW4mfSOKGhFRu5QNo3erudq4KCfqVGcPdLt6pvW8OHe1RIvJF7IYFZ2Rs11ZL0CJ7zoYP5IPEEPA5rh8zcrSjSbkO9Ig5aOTKJD6lUFCiM64nNATarxFe+IBEijESMg6h69G2PE/BX6ReudrPRRGZydnHOQcDLrCL4oaYjhJzwJTRvyWM+Ki6F33m7R24Iq5v6t4pwQb71Uw+8WhHK+hRq37D/wC6a+G8w3g81wyFOcWNaXGZqiSKH1RHHcutTc2TvmaZFVfSY7h1xFSe5QtW9R9Q+Y3qb2WDxT2okWuYA/wxq51KFpoznUSJoxsQfCfUfk/oiaoZaTIXqPPLM/mVPE8IOqclEHvQzVKqmkx4g+p6iWe+hoRUbuVH2jd6u72rgjLGLU2KMUw7uIVAp36WFyT9dliPJnGJFpxOGZYpSvUVmaE3cpjGuUZWgxPmhukqr48WIPqeqNtD69G2PE/BX6ReudrPU1PPZe+k4lKd6WZTVtqmohBtzIXm7R24Iq5n6tG9Epzcj7RrBRHcmYlFiNLIrB8px+GNcm7nwnc6FFGJ7VjTIbGlznGQAyplHaZ8k2qSMpy/mq7ROK81WTUqWRFhHHzZFqnjCjFqhaovUfVPmN6mdmg8VPInQXWtfaOIVMolIBNz6QKj3fJ8r+5PotJbJ7cTsjhnCxqFRoLaz3mQTIUP2bOa3uUKHRqvpcedUuEwxoyplHuo5saHENURqoaWHuyJznZF9mZtOW8VF7lR9o3eruj/AMrgrcSdR3WyHi0qkXOj2Q4rpwovyRcninwYzDDisMiFaUyH7g5z3fK3KVOUgcQTKPRpCM4VnPInVCFFpki9/QiSlbmKrPxKA1pmOUs9ejbHifgr9IvXO1n3i09EqeVScJjMrIlXqKsNd3qxDnTReG0duCKuZ+rRvvOgvsGQ5kfcij806jU6jelUJxnzcbDnaq0G6zoTfkiM5wR9CrxY5EjSYuTVF6ivyBxCKopOOonAe+5AXqPqnzG9TOzQeKKMI2OHRKcAeTpIEnD5l6HdehOj0UezjQulC0dSrQbtOEP5HQucnMoTHTfY+PF6b+rqCaFc+L7hguZ31v7oqjPf0nQmk+ChMbYDfi9yo+0bvV2+1cEZKWKMzF1p4ZYT0mOTYF2KO81bGUuF0hpzqsLsF0P5RD5y9HoUMw4RPOe/pxNKAVY4nQ2kKG9vSa4EIg4iqJCHu2+vRtjxPwV+kXrn6X36rh3qz1JXpJsLLfG1duCKuX+rhvvEjGqkYWjE5Y5rKF0hefAiYnZcxVV1Tk/0k+CZDbY1okExgxNtv0bVPmN6l9mg8b1ZuNc/mxBicpP54z4irazEDy7D1TvGjPdycQGvCifK5BlM5OHR5857X1qw6lLotCaB0WXiougKj7Ru9Xa7XwvcpDsKmfs4q5wn+SxkKddp77zQCGR2dBx3JkSlhrIUMzkHTrKZTomQWD16NseJ+Cv1gpicwZFUDS/1LFimufBnoWJzFzYgWKatkFWOM32gfpXbgmxGNkzom3Krl/q4b75sXMsXQD9IUotD/CrDEgFfZUtr+pythNf1gqTpNPygzXWb9H1HeYprmtqw3CYtVL7NB438SNQq1gepRKIe5fZxosA94XMpTIw+sLn0dh1XKRk36W3yopOIAKjZnPY4eKu12rhetWJcwlWwg9Si0Nw62r7OPEgHrX2dIhxh9Sk6jt0hyqzE8zciDR69G2PE/BXawUTSFQNL/WxLErFj9Ua7/KF+8O4K5X6vG/1uiuiFYJKx5lpWL1IOzd51RdH8xVK7NC4+tiXRVgkukZeoVSP2Fc3RCV2u1cPVxK1oXRC5tite6WlSAwFF2PE/BXawUTSOKoGl+GG0f5Qv3h3BXK/V434aDs3edUXQfMqV2aFxwpUfQxXN0QldrtPD7lRdjxPwV+sOKiaw4qg6XYYbR/lC/eO3BXI7AN+GgbN3nVG0HzKk9mhccNG0MVzdEJXZ7Rw+5UXY8T8FfrDin6w4qg6zsMNo/wAoQ13bgrjdhw0DUd51R9X+dR+zQ+OFKjaGK52iCrs7f7lRtjxPwV+sOKfrDiqDrOww2j/KENd24K4vYsNR9R/nUDV/nUbssPClRdViuf8AuVdnb/cqNsuJ+Cv1hxTtYKg6zsN+9f5QgPqduCuH2PDUfUf51DGZv8yi9lZhSouqxUDq5IK7O2+5UXZcT8Fiaw4oWSVB1nYZrs0d24IOxSbKWRXD7HhqKcfNfZ+0U6JlcAJZBJROys34Up1lYGG3GoDs8Zm9XZ2v3KjbLifgsTWHG9QdZ2Dnf/fO3BFXD7Hg536Jof5r0TsrN+G/dt3Ki7Vm9XY22Cq4zgKNsuJ+CxNYcb1B0uwRClf/AH7twRVw+x4J6lfoeh/mN5/ZWb8F33yv3bdyom1ZvV2NtwwJKnmtwFG2XE/BYusON6gaXYBxzLHNGQtUjZf/AH7twRVw+x4B0WcsyxzRkJKRsN+h6H+Y3n9lZvwAflJVqmL5Q2TNyom2ZvV2NtwwFhkOpSfzgua0ALMfXo2y4n4LF1hxvUDS7AHReKlf/iHeUIq4fY8BLNK85Sv0LQ/zG8/szN/rgZ0NN7vvlDZM3Kh7Zm9XX23D1z6lbN69G2XE/BYus3jeoGl2A7rxRv8A8Q7yhFXE7HgD3XnJ1+haH+a8/szN59dulDTe70bxTdkzcqHtmb1dfbcPuVG2fE/BYus3jeoGl+AN4+p/EO8rUVcTsfrlA6Lzlpv0HQ/zXn9mZvOAac5vd98pmxZuVD2zN6uttuHru9Qt9ejbPifgsXWbxvXP0vwDheN4Xv4h3lCKuL2TARGZjMXnepQv2/Ned2Zu84ANytdK8dPqM2LNyoe2ZvV1ttwwBF9svXo+z4/BY2s3jeufpfgj6n8Q7yhFXF7JgnKeS/Qv2/Ned2Zu84CxYkVO8VD2LNyoe2ZvV1tsN2ArDGuipGxVj3evR9nx+CxtZvG9c/S/DHtDvKEVcXsmGoX7fmvO7O3ecKVC2DFQ9szerrbbhgrbcBR9nx+CxGDGXt4p1V05ZFQNL8M4TkGx4j3HMAwJprVoDzVqkWtzFXF7JhqO73YbYhP40yHFiCLBjA1TKRa4ZEezt3nClGPOqyHBhNn1lUNrnco10VrmulI9K0K6u2G77lR9nx+Cv1huKdoVA0vw10tSP5GpuuxXF7Jhv8/SqhazvKv4Zu/DP2lH8jlc3a/zNV1dqN33Kj7Pj8Fiaw3FHQqBpfhrp6kfyNTddiuL2TDD/P8AdVB1neVfw7d5wpTtpA8jlc7a/wAzVdXajd9yo+z4/BX6w3FHQqBpfhrp6kfyNTddquL2TDf5+lVB13eVfw7d+GdtKP5HK5+1/marqbXh9yo+px+Cv1huKOhUDS/DXT1I/kam67N6uL2XDf5+lVB13+Vfw7d+FKdtKP5HK5+1/marqbUbvuVH1OPwV+sNxTtCoGl+GunqR/I1M12b1cbsuG/z9KqFru8q/h278M7aUfyOVz9r/M1XU2o3fcqPqcfgtXO8D8nJ4OSxUDS/DXSYMbmxwPwNULriNlvVxuy4Yjv/AP2qhty8935L+Hbvw0X6X0dx0VHKgD65/wDNv9FdTajd9yganH4LFc0yIe0z8UaziZmcutUDS/DF7HVXekut/ZCdFdEdFNtUHE2auN2XDUcNMq3KNP4k574z6RFlVD4mQZgh2du/DCEyIYYi0eGHSVFLnuiPMWHN7tKuptRu+5QNTj8FjazeN6gaX4Z3aXeUIq43ZcNRNL/Mih2du/DQOzsVE2zN6upteH3KBqcfgsbWbxvUDS/DP7S7yhFXG7LhqJpf5kU3s7d+Go/Z2KibZm9XT2vD7lA1OPwWPrN43qDpfhn9pd5Qiri9mw1F1n+ZFM7O3fhqP2diou2ZvV09rw+5QNTj8Fj6zeN6g6X4Z/aXeUIq4vZsNRdZ/mTkzs434ajdnYqLtmb1dPacPuUDV4/BY+s3jeoOl+GidpPlCcrjdmw1F1n+ZO0JnZxvw1F7OxUXbM8yuntOA+5QNXj8Fj6zeN6g6X4aJ2k+UI6Fcbs2Gous/wAydoUPs434aidnYqNtmeZXS2nD7lA1ePwWkazeN6g6z8NF7SfKE7Qri9mw1G1n+ZP0KH2du/DUTs7FRtszzK6W04fcoGrx+C0nWbxvUHWiYaN2k+UJ2hXF7NhqNrv8yfoULs7d+GofZ2Kj7ZnmV0tpw+5QdXj8FpOs3jeoWtE34aN2k+UJ2hXF7LhqNrv8yiaFD7O3DUTYNUDas8wV09rw+5QdXj8FjjO5vG9RmfKXYaK0/wDUE/8AEIhXM/7cHk9PXhqM0gzrP8ye3OEx2L7Bow1HbI82E1qhyGJ7T+ap0aUq8Scs1n3KDq8fgtJ6izisSowzOfho/wBNJ/lCdZkVw+x8cNRzLFEiD81SLPcKhHPRWYahvAxwRxUOJLoxWH/kFdTbcPuUHV4/BaTCOVoP53iz5I7xhrpQjkitd+V65P8A22xIXg7DOb8kd3BRW52kK5sT5qG0eGGopONtZv8AyKpbmi1rK/haqc8Ynlr/AMvuULV+CtPzAtWNRPqIfhqTBJsjQp94P91jT4f6OOXjQ7DU+ik46sQbr1Hhn/YivhdxtGGjQHHovrDvUaETY9pamk9Lkgw6W/cpfK0D4K1wyLGp4aDSG+6bdC6SETqkUDhYcWcmnmOXSXKtPS3prsKYjdBWNcr11lMYvuFuJPfnPwbk3GU8RWNGsObnw3okV9SL7hOXqRaXY0eVbOCTKuMQw3IOfVjjF9QRbXkchVSkNPIPNj8k1MYQjIiwOk8ZM4RquFcYl6NSG1fkJy/cOSHSdj0fCKpcdKnWrKbPsT8h6PcsXhasR8FiKxFYisSxH1piYIyoMixK0veRDwyPDNjmPEw4KtQ43o//AI9IxDVd/VdCeravZv8Awr2b/wAK6DvwroO/Cug7wXQd+FdF3gui7wWJ3gsR8FiPgg9pLHttDhkQbFcHH5gnQ6RAZSqO+x0N+VVrnUyqP+lphqubodiK51Hf+zzty9hG/wDWV7GL/wCsr2MX/wBZXson4CvZRPwFezifgK9m/wDAV0H/AISui/8ACV0XfhK6LvwlVhWY4YnKrys+tGFS4TaTAOTE4dYK/wBNSRGZ8kbmRBwK9m7wXRd+FdF34V0XfhXRd+FYnfhWJ34Vid4L3vBZfBZfBZfBWqUO0ouNpPwvGsZWMrGVjKxlYysZWMrGVjKx+p0iukfFe0d4r2jvFe0d4r2jvFdN3ium7xXTd4rpu8V03eK6bvFdN3irSTfxlWOPivaO8V7R3ivaO8V7R3ivaO8V7R3ivaO8V7R3ivaO8V7R3ium7xVpnfxldI+K6bvFdN3ium7xXTd4rpu8V03eK6bvFdN3ium7xXTd4rpu8VaZ/wD0R//EACoQAAIBAgQFBQEBAQEAAAAAAAABESExEEFR8GFxkaGxIFCBwfHR4TCQ/9oACAEBAAE/If8AwjspvkXFlzX/AH7tUzwQn/ddKfjsZQ60i/78TJMY4hG2jXuqGwyiSzGOqhSmJKH3pI8L5UqOS5bdEPQb85k1O/B/CQcHhUfF8YbNDTXP/g+vEKS2UTRSUJNW2IMike+++KppfQztDg4RIH9uAMfeSpk1VQvn+BBD3I7V7CwzY/ouPDCMmv8AhXeTFZavRES5UcvkaKlko/B/EuJyiQT4KQyKuqb7Cah2mTrQIilrDt4DvP5S9rDdiaaayf8AwhdWRTmYoOTLQ2dkWbY4eMTt1FG4p4LMWXmhv47A3c48KRKHmSSX2iSVeiV1kTUVLIh2I9wQsQnD0y/kMYCScaqT42+RDXOVwXDwQKtZi5ui1PPkSqsWo1I40IG3w2RC6nU1JPJ0LtNal2vQcGchXGxcMtW/xZ6sVsyRxpHKucI5ji55lq6wNRLMHqAWrqvg4HXfBEer6Ib/AKNdWzo9HXucDYSD6f0M0yLR96dyHEUYvp56QcJEKSKFXg8GS+zqMRwtzgRPM8bu7b7D6IDVtGqwQJ+A4Ez85dFE4p5FxmmbmiTv9hak8pfgCqeq1Tfbgzm8wXoVAuADdvBKWRypRtXuoPUNdAn3HMeHGK9oqavnMs6yIbGeeHcHNS3UrYnmh1KopbbtVHrRkO65LxHD8jFDNKPozhM5Y9tXJLo9UqjcdTqLUpiMZawkMusjrNoKsNAwvJNWyTmxnEsscmI2qKRlLJpmRE4ncBcsJOgllqc1QmLvFEk3j1HUM+CLNtQSjWneT+By1H8jPGtaApDihckLl7yQFsd0as6eurshygFJWeU37I1gg5+WYRkrMhTeQunapFkdRihbldNB6aWb6NuxFhxfJ/AlhHh5/wACcfSzLQjOtIp+E6yIpfJMHILVW20PhqrIFILjUIZNowtSJsWowheMfJZxzgdYyKI5n0QWuSdKdmnoPoQrF1EFmWmXVK6MWz/Yq3Y53vTrR2Fa15Mev8CUXzNJIJU6R3ofR6j1Y7FRi1zKTqf6WNoNSYTIiCA0Jw82eTRKrKQXG2rfMtNmxyPjpzK5Q9WLrBkH1aSFCV6rsx0qHx6OUcPAP9oWQNnH2pRORCyKV7VCz4db/wAGMqb8hTZrgZAnHwsOyQhwomuzL5kAkkyEkJKci+ooD4iLOJwD6vtUSBdpt3ROk5TKxWqEnBJVhYa0Rv7M6JEn+yCbg5FaxuZo2gVderlFW5UK8DpG3IozctGX9XwJeGqJkVBFlmZwUxXQKAVknynAwJbzH1KUypO8Qn2SMxX6q/8ALp/Rxk3Aqdd6xllP6dt9VCqGpbGXDaEFNcy5eUCaSOWqjTXQQN2hrzNIcmIpFFU6jiuIqb63IoJtbeY/ocqVyRAW7tFAahwJlFucZwvElSfuzPsXEYl566jgFsh8yq/o3XySuIQOSLvQvAyPU5MM6Cge1OQnOdIdSJFN+cT3oxJ5NYuX/S7yRezqdhckhdqKq2siFbJ/I+psvApQUpVdi/VRdE+iZZ2KHCbaqvMpYSWpHIdCWNJoYxfEhuSwfmvGJEh4+pjS4GIq0fGX5O8X4GyHEFmnGazGpkNYZdHfI8J/IyiTlS1Y/MkTCHRUK5HAl7E0KhLjUCmukIXSsO4TrUv6FV+HH8kzl1MOYiKzZG1pKzWY/goSyasfboGfeRakPqMUXYEaoe8m5pkaorBjBzszYJxdPYUJpCnnI95t82A5iYnwohjvFmZQdIaox3Mc2wOxlafI7EWxBNwVRRdauU7qcBbOo5J5FpLuAupBajF9hZUVDb0EP2aUsKH2ZSRSnA6QNHLZLeXuKp5vJlCqlRMrQiFVcq9tEXyPMNdXGlEzBL4cESKxNPnbV4TLbZjQYXPbNLOgiOq1Yl2ZrJyl2JAMwyPoYrU1fD0v7R9fMiNcg7euD7hRcctB6CVajJolrPNRFgoSWi5EC0YwFpsRaqQ1H1mIdi/OExoTnDDyaf2Fa6qkeKTXQUa0ihX1NEPCQ5keZymMS+Vfkj0Qo1o4Dwq5CIOMOaw55ibtSM89nKQhAyrzjgc9hO79eqvAyXXy4vzETPmuqapZmAHwGqz8WEaDk2m3JF0SKDz5iGzJUpPUNy02JB8D+PZu1feCxtKkT5WcbL9iXsv4PItzacPmMWmGuj48ev4rv5EMd5CZlqtCxg0RqPi+Jw4aZJ+GGbaUDrEXK+SAkD/gHQzK1G7KZ94ug1w2bOZofVaoHs1yJ+p0RuFtqQysmUTWQKjwoWRIgOg18o5wQsZO3jK0g3lA1Yo6PO9Hk/hjlidYyUL5p0MTKurSWzdFZFgs0DaGJDyf8EFLVGcRhOajsudVaLJDNnU0iuWJCTaZChGXDk+5DOv8V0EpxMjdm6olSblO5m1lCEHS7ArVg5ok+8kzdI9EO0GyWeblnqLrcT+GUvSMrUltfB0L3rPh+y9n+8FMeHys8BJbMOKDSFFS6b4TH0kJXIQndgGO6mk4C7g/BeXGHMfUSvnCUVrzfksJt5Q1hByPlERKys/EXQAUaKp8S+hptdCh7+o7JOk8R7ewHQu29Rg3hJSyoSXBKBvzKmprVWSzCArUNyvWvUcs7RX1VkRvg15FkyUZOIWiRtqCaIS0sJLYu0qCya6NaSWnXkMzqtutBvSbiO8BG1zR0a8Seb0G1bG26iCDk22jhKznJyqyRMomJv4q+rH5oSrRpsRy63wUHLClOm0yFJqDxMtnNBA8bEpDpwAMXNSh8fDNFwridRygYsU55RIyucaCBTFNFp1EqQJTIVlJVl6BtLIv3T+jeRzTga3BnIaO5R9NPRYqhOqqvZe3/eJGh8jKviUwciyL9QlzjUFrKFHkzgpqhciUGcKOcFYRsVvMmauUPii3zfnEM1nIo5Tyh45xtWglyd8mKippBkD15iUnqyPUoUKsbGeShEIiS5J0Uaao/NTj5aDypZy2JSTyAbPRV/C6+SsaUZPhBTZ5Cn5ncjhYBJIE0QLjwrK96jwOylaSfCyS/g8KHTnoCakqw7PmPlwVZvPVi9IY5lWrY7UXJrQfoC4L0BsmgyApXE70lUW9RjRf+aNOApygP2jsNzApSQjSYPVnsXcDNuTizqQKVI4SqayKY/Sznb5xXiuInpU9Fm0Am/Zdy0eLvCLRyKKsg9ygzLkEqpMBsc3ZdywcsvsklJKbDVktLRtC0EkxrCjeVWBLDbqHAaLi9Ecx3JdCWfmnSmqOI+mJVPoxnnKlXRvyKPSU4I1zgZcbR8c+xWSbBSeIgo3dMGd0IUGUIUs0SVyMPSLrzBDSrTF/KsX9ahWNCXToP4lKLlGCpAO+nAir9OY1C4fux5O3YBeshN5kKec8CtPEWq8QxX+SQERc9BMZOJtmdwSIVQ6UiXdAbLy1OWhSMqvNsdGjqKQiXzr9yFs4ogpVCR7LbYtHj2zkISkbapqGQJfylXWaVdFPAmTUmyfjqJ6ZFl/oXCpDJt/krkOItC6U5jbKXT5CC13oilCTgjFO0owRTT2P+KJCHLnX0eR5aSVEiTccpfdx0ZpCiyFNGirVZoS5c/lb7Kjr4+L+yHFHpWpam5PCGz1EqkOeu+pC3EFIgp3dBBMstLEvVi5nBhbJwSxHptpE4XhYSOQAYfBrMRAqW4paZPmUnnBwT/C8xc1I8yG2PC0arhmaE1ZlyJKC6Qc07wHBez4E3mQo5/wICs4dxhXn0S82+Ar+Azz/AAaEyedNlOSELXQh6NCeidWS/wCzImIVBGpAkCtXaoIMTNoSeGfELdmGY3LwBZ5KFxC8VHs22xccZ0OJD3kiPuyLnHCt09oJueoV+ZMpRoaFTJHxB4TavQ0ykLdl6CXrXYsmZ4WggSpUbSgd60g5gg6QkPvSHJ2QqdToOl5K5MkX4/5GWq8BJTp9FTkeEIR1PgvKBPLmh0jG+bYr6FRxbFW0rW4ZCUYpIw8bagbSIjjQwff6G10IU7z7CT6jJlRajjVDt3FMzrOgxpKngVW+adRx2H2rNLqfJMOpVVo4kG4clVtItqo0baJVuiYkck8JsuAm5yDxzHgJAdpSGRcu88jgEbCzaR3SJDZCO4Y6U9L4N0fw4ZWQZS7ryPJJF5tnPxV+A2cqa6OjIUJlxbkdByyXSLdyfJFaKeiBRKvZsty0eM6EcbGXcUWbCL5VC2eSEM1nc2REiK2T1FKZS3YeyLTdgsaUYzKoJchEAuL8mcicGQ2rQXLZyVmp8DYflynYWyv4qW1I+0lVWFcNCQ0JRy1HKZQWVSVn1kHiVUpWb+Om20hpbnYvOoEFdJb124VICrWKCRhpFzbtMY3fpoJhy5tbz3HuiJWaiUuClCpEicLgxWaJJTVXE/ohRJQCq6p1ZUfMnW1S+bNrNt6EWSo6J8qE0IlM8azbzfB2LxhKt6xt2kp5/wABDl0gu49KLvkjGcDtyMiBV05Qqkob5wRTVwlZdE4eRtJ7ihFN6zOheuTI7mVVM8Dut1LwdVXVMaFzAU/3M3yFjG0ilr9my2rR4khupI9ndGQ0ldSfYxv51cWjFSCIPNcZsqcfMi0qTTWHJBkKFbsWjm8+iZKl6r4YTtuCfOAc0riWcVeiCehm1YsUzzPSY0Q7gxXSB6IL00syi2uUxNrQkTT3fpHGoTQg5MsYoI0TJA9akb3um/0kd8LIs5u8EGRuyeTZZp6FOs2UwpZqK5Il1SVC0DFlvSdQ9aDDnRL9DZEE3jojsg4bDgbXpIEtfgOzBh8VEVWknkn3Gqapb9KzqoI/ay+X7ssxVqqkQhJpm2NeXVfQ/sQyKiq1KaVmnOGv3NMimUf2RR6X2v2brauOKHsUWTIkvoeylq61HUa1nEmogVX2QNWwsSvQMZCBqB0EfBxhsraCR8vkzCyUrHKFnaUEa6SKnc10/oiQkMaZ0mrUDEyN8IGmSwbNCOzr2zyE4FVaKrfqfQfHogsTzb5ElIKUOIUeCQnQlRWSpCaaWXEgwWMTBxMklF7qkWyLnsFDana5+ZR8CWwKHJO0ZBmzIVDoyWrfBXZVKSnapIn5ifkU4z9TAjm5aS+RXMsoS02PwF+tqppKRHSK5IokoVcC0LtaG9aTjo3gZIM4FvKktiw5GOdsqjclpzgnjCeX+Ci4LvK4SRs5wUTKN6CyXQetyTAJLVlu3lpLgKfJU5UpaUwKShaURKlFguPYWv2brbtHiDm5C0Ioss9S4gy4dQ5NEu3ZTdkSct3Yk8rPCWRuKkjgQjOV4ckm8yCXOMiXDY51wySeA7kO2HCT6xy6DmVa1/AyI0QooaZrI5nzAml/82lHhnajI5hVeFBIcURODqCxiSOWBQCafIYvt+eOLhyhVE1jMVmlpG+c8MuJzAYF4ZeBiGrJ7Qv2JkvcqTjDyhJ9kGo9iphzXayKkqGl84F47TwF2eUmXx+BPUKFepZNB76loUldB4SWGlekLONeWZtDjbQ9qydYzLgXA4HIdpJw5U8oy/SNUxCtqIVaCTQ2OZ8Nhe9m63rR4qpAMLSqOlKWQU7hr4iTFBBINZlCw1qQIgqaVzljVDCgipbiyEBYhRjUOSQiZWTqRXDLVzLJVEiysLfKaHNyu7Z07pFgw6uCL2qopUD0YkyMYpMLgZHdNa0EFK7VoWE4wLq5yldimVcN9xMlRULOojPOWjVGJYXmnbQW9eMQQRIoaSWSSNIyBIwRdhkJs8o/y3gRFoZaJoIq4jNZlghdUxQnzZHcXISWRLjF2Dm7cBFQMY7qypkKJySR8If0K57NUk7CjI5d0XR6YOpFAQug+rP3Iigc0xdGOKLneZOknKy3m9WNmM49B+eqhzItljk4q/zPwNsFhRCFqTglRkmz5GTqAsglxfFjtyGj66WfOaaEwkOWnGS7es2OPRkGuiYwp2ldRWGn0KMIKYnUcJUeMxEuScUJoTiXM6SlB8LBbfWjEiQWbEu5X0OzJ6sgUWPCImDctJxNLDEoh28Gg3y/gVD8kklIUet8gVhfxRdF5g3vkiSRUtHIp7DD+RKXgRHk8VFK0QhlnoV72ard9GLs9Sgp6Ek4Qi6IXRTThXo/wOJdXqyIwWih0zCbqyY5MoaQ1dITVR/Be+kTTmCkodCYrSk9RoOWsrDfIP6IqJEPIyokZUkJUknM4EzopFNEMljwi9LwZDzDuiBcfgUSZGRY23QU+AJnJVboimhzSIshUGxsGfBa/Zot30eC1G6qUiRMT9DxMYtwSKcbbLCj6RTiINDjXGoxZNJus5TiJDHgsFphrhz4TbNGJu80QDj8CdYUEycIIwQP0GwcvezJbnoESo3dRsCYnhOD9AxZ6IkABRwIrHvAMXsBxqMSQSUt0x43FfWPEtwWstYu+yYs7GqInx+BTFjRCSSSSaDDd8DjYWo/Zgtj0wao3NR6YExBPCRsYx4GoKHUIIb4zyURYBVlhaMP0CnuNQkbvkJKOLyKF75CZIiR4GWj42fAbCyYs7ixAd6FMWEWEmTiMTQYbwsONR+zVJs8sAqNzUahImJiEkjGGxsYamMpj8ivkoCCCwLMQ2NONKYk7qoSed8hoVsliZIsWxj0wsOZ8Bu3Ji9H6ET2oUxTFgEViHiGxhx8J6P2Z7c9A3T18DNzxQ4kTJJJJJGxjY2NQSUGZauWA6VKYsAsQww/QopMScgCE7r9sp2dWIkROLFuFhi1jEmzyYqHm8Q+3yw1iRBeiGHgPBOOWv2YbedAgFQbdzZdR6EiYmJkkkjY2SNgckSboHZnCKbuVHRWW+LwHTxFYFgy8ZMMXijykhtZk4hKgaxkXdlG7qJJoIkkeBxzNgz4CyqK0zWXAa6qZGSoULgdK+MFegCvQ/ON4H6AFB+zfbLpg3XUegmJiEkkkjZMmLSlmNjFal9KFhoo+pYwwwlc15CgalOBSZVvqxryhU2VQmSJkkjGx8MJsYzFzCW9aTo7wUfQCvSxCrfSFkMsv0RJkxp9ldtumCnf1GoSJiZJOIw74FAkegbGElA+yKDUXrF7MCZJtToTAllQuFAq1Cmrc15KdpUJk0EySRsbGoRIdfiGoZsAkIZJ2VJ0Fg1jVUiOfDB2SGKaqqPFfokNT2ZrcdMFGzqOJExCSSRy5kQGNWXRlUjhLbERIY9CpD+kYCphYVFYTFblSSryX1k0ZpM1M1i0Z4dB4cmvKNk1CZJJJI2N0J3NUS0Q21SGhqFbD+YYcFIbxpHjlPQxpiw6loOs5p2d/UTUaaEDVnL1VJqezRb3pg2PUahImSLAboOgJPGMWgqKJHLYq9ESHbWKJRwEUWYWFQbQ4n0lxKFykx1cE1bmvJRsqhMkTJJGyOIIwvI6guxr4xzcNJ0t4YaFD0Lp3kLHuqYXfgZYeCqB59lFuWmDb9R6EiYmISNRkjYG7TsBsegkqKvRN24YJYbNi4WJufgdDxApiS/bMS3NeSgobCSSSaHxD5x81YagYcFCJsspRyXgUBYRYhU+jPTGrOYZYYcaj9mm37TFRhJImSSNimnRQSeMudmSPQSAzo7KdrIpRFFUCeGIGvLqxFJJ2xEjexrLHNeSgAToSJkkklB8KkD2Q+2CpEbaHwCEt3ZSjkvEenoAgEaRwFPHXPdVVeiMONV7Mtt2gRuGo9MEySSRs5gWD9uCakcsegknemlO3kQoLALEuRVd08hsnA3UKipuXA9yQ8POWea8lJomTQTJJJGP8KDLA2TPDcEPbuylPIeOAsKsU1A5j4lQWnN1gnAwxUHc/P2XctMULSSRMTJJK0V4hj1moocqVycMwbDyyjbywClgKgTJGxJouJmRMB0cHAAaMCY8POWea8+goEySSRhrsDIk6OSTg9AFk32Uo2FOGhQEE+IsBiwyncRym+aDCFsVyr4l8Q7sGkzv3n7LtWmDYOA9MJwTJ9DISUKg2W4KYfGUbmWAQUC3FdGBsVUNDopjEN3OZOa8lBYxIsBvA2KquU4XuMENzY2bSUch44wgsBYU4WcuYmB4LDwL0Z3rz9lsEv2Ck2gPVldTEpmzcB6CYmJkk4Ti3haO50wUtl9DsBrTi4UgvtrYRBBUYELMDxAwxVOGF0JdWSIIWhG+JNW5YHKWBegGxqDDjDXwGiIBMrcLsybGF2CJi4U6jRtKRqCCC/5gAYeCNPPefstKbQ9MNW6qhqEiZJOEkkjHhYPJ0Aeu5Vj7XD1AFmBhw9ADlC+EYTzVbasKwTwNkkjjYTD3HqHS4gTEXjfUkAgsQsQg/QLDDY1WZ3ry9mlrf5G96oehJJImTgkkbJJLBDGvaVZQt2RSwLFrAZfoAMXpaEZ4bHIgmNjEjDjjDDhSHVEXjZUlIRQRRqFR6I/QToGHod88vZja2+Rteo9MJJJwnGR4NRjCD7XMp3MilgRXqhfoBNQWnY1jxv3FLAisRQGoNj4D0GqGCohMXL+JQQqCEWAvSB4DwGGKTGnmfL2Ww3s+RtWo1CRMnCSSSSScHKzGsZRu5DxgIIsLEOkYbAcqDaGcp37sYmLAYdBQHgnHuNgakCd+04xMWIVP/Dg8CsO++Xs1e15YSckkknGSSSSRxJaBXuqijbyKGBBUiwHgMMMUBiuYTZbx427scvQjpwGGHwmqErBSGWjfUlHHRXq1fpIxcO8+Xsq57g6bKhDSXBykblqhsEycJJJJJJJwPqBWav8AyIQKsX4S3ZD7fAgWCgLGPGMMMNc1ph/BBlGzfEo+WQLurxqYsQ8Aw2E1x6ihKvhRkT1Obpfi0Ly6G8aSLAoCCC/5KgxSO7eXsreC+TJwH8tk5eI2LhgnCfRPonA/0iFOJ1PJKpZqEsyjeyKGFBeophh4B7GKJo2JI9xBz1Bo2VZSEUFjmH6QxWCC12sQpQxQNXLSWFwSGjYUlDCgv+gCDD0O5eXsu7aYpMSSSThOEk4smOehm+5FLAvSagZYYYcWd3UKDRtKscqBYLpwv0gh6hNrkLGwpHjlPH/qCIq9Ac7t5ey7doEbFr/0MahWUr0WbrkUiRYE4jDDYw3QcWdnVgTRuqsNBFYTwHiFLCrBJdtgWNhSdu8RUCCxC9AT6gSNRlXNeXsq7LLBs2uCcZJJJJxYxCnprKN3IpYEEEavQGG8Sr2tR0oeNhVjkL8DDDDpwKQ5WCb3JkW0pG6TxGJJEE/UCScSSSgd28vZV3WQg3rUXokn1uwkjPT2U7ORQwSSIP0gYbHuLOxqOhDxtaijgWJeCyw4Y01RJtaEG5pH6HxxCeCfWBJJJI2MVc/5ey75oINy1F6ZJ9TUFkt6IzZ8h8CCCEkkjeBska4ux3YYi2tWCvTQy6B+g01RPs2ZFsaCnkSTJFgTiT6BJJJJIxVzPl7Lvugg3LUWE+icJxnAsjvWRt+Q9CSRMkknCSSRsYWdnUdRD73NgoL0ew6fRKkVhsDZkq2wO3+ImTgWBJNMEkySSTgnA2dx8vZV2eQQTe5jeiSSSccsGJI7l+Yp2chyZQniSTgnBIw1BJ29RBzQ0byoo4Vj3j3QPEVJmwlmW1+I7P4jEkk4SSSSSSSSSSSN0O4+yt70CQ20zF6JJJ9TtgN6+G3eAxOEkkkkkkk4HKtrUL1ZuDNhr1vmWHgqDE2jMqCy8Ifp/EYkkRJJIiSSSSScJGzv/sp9nkU8JC9M+t2GLUfOJ9i6GoSSSJ4ThOEjGH2uY7ibWzZTEV6lWXiCoNz6kEePPKeOCRMTJwkkkknCcJwZ3b2U0Eyx0DRkyjt/OssWEk/8WTKzbCtU1TVYNJ67ocKDU9M4zhOJ7Zk41CuJpvUtqglIqIBSwI2erjFDCoMeaV5a6kU1Jq8VhXAtJDW3Wgo7DE4yTgiSSSSSScGd+9lNTSltYNLRn3ET65Jwk1ISlLb3NmHP8Ep4UGE8JwTJJwnBj0ExhuwGNirT7cDT50piC9cl+gU5pbuNGhQxU1BPv6BOgncRJJJPpkkkknB+s9lOtXjv9DRoftYQ8J/4Tiyts4/nH6GU1F6CQjNv8omJkkkkkkk4SSOO3dfqmIo/fJlabxzgnjqxy9HPGVMQ2mhvwC9FM+S+gi1BfKiEySfROMkk4yMmVp937K+XhNN/BKhIpoo52YvVJJJJODI1yybWTGgmkHJfPmREkkk4SSSSSNjiaCkn3fQ9UnRX5a+1FAX/AE/pEIzOMk/qYjK2z5UDWWvoIJkiZJJJJJJJJJJJJIyV2Cfv2V11NJClUMbFrojcJJ/4sZQ1ltVGPKlxGTFf8RqbZ8ySRkkkk4STiNuxs4P/AGCLScGSlTfJZiEvKoscvVy8E4/GKfANmcpqzpeRaGSylMkknGSScJJJJwkaJNtCVb4E35z9mQ9fXgS2dStxpaair/zeCtqCUX7FPGF9CZmjCWZEi1kkkkkkkkkknAx0j+Vb6XFFck+BiWmhL6AlslFggv8AgvGFvFLUaLy9y6i+ylcJSb8CXJ72SaCZImSSLCSScZJJFNbwmXtBAbJWkMlBwOqZdGrV+TL5GvVxb6YM/OPyD8g4zoS/wIej6EPR9Dr0Ph9D4fQUXsJSUaYy0yRrfMUoJ5ERkq67q3f4Iefcbpew0/2H6A/TH64/bn7o/bn7kj/VGv8AXGf6h2+LK21TEqY0sTzE1oyZODyejQ1Gv8AWznBQ2+KperMWYrbobZ+jYP0bf+jY/wBE1u+w9l+h7P8AA91+Da7wJpuBcf4C0XJQmmiaYjqBq5SejfkaFOTfiM/YU3Tyl4JX+4/TEv8AUbrG0xuMR/0kNOqcDrm65vMIJZrmoGrmegzHMP2pKzZxB+sfrH6x+sfvH7x+8fvH7x+8cd1GzzeCcCVZHyKwX8j9Wfqz92fuz9efpT9KftT9qfrT9QdzR4TBB/Ys55D9Wfoz9Gfoz9Gfpz9Gfoz9WfqxtVX/ADL8czwTasfpCtk8mP2J+1P1J+pP3J+tP1J+pP1B+oP2BcDm/wDCP//aAAwDAQACAAMAAAAQkkkkkkkkkkkkkkkkkkkkkkkkkkkkkkkkkkkkkkkkkkkkkkkkkkkkkkkkkkkkkkkkkkkkkkkkkkkkkkkkkkkkkkkkkkkkkkkkkkkkkkkkkkkkkkkkkkkkkkkkkkkkkkkkkkkkkkkkkkkkkkkkkkkkkkkkkkkkkkkkkkkkkkkkkkkkkkkkkkkkkkkkkkkkkkkkkkkkkkkkkkkkkkkkkkkkkkkkkkkkkkkkkkkkkkkkkkkkkkkkkkkkkkkkkkkkkkkkkkkkkkkkkkkkkkkkkgkkkkkkkgkkkkkkkgkkkkkkknkkkkkkkkkkkkkkkkkkkkkkkkkkkkEEEkkki5L7IkkkmIUockkkin5ZIkkkkkkkkkkkkkkkkkkkkkkkkWEkggAkgdve3qjkg9YNjkokgDbeu23kkkkkkkkkkkkkkkkkkkkkkggU3gAEgxbaNT78ZzwAFMEbLgARXMruskkkkkkkkkkkkkkkkkkkkkkkSvAAgBBY9PX777oDScgxA5jcrp9sJ7+kkkkkkkkkkkkkkkkkkkgAECogwkDvDm7/AK217FQmRGQF87IqUIuYRJJJJJJJJJJJJJJJJJJJAIBl/BlJGCjGfz/3HBNKeMqGeFJYzjOxA7JJJJJJJJJJJJJJJJJJJIIPHhhJNdhwLWuy07FInBOBfxqYoOrSRAVJJJJJJJJJJJJJJJJJJJBBzZMBIC1eW4RFknRGCa7oLVHxAI4zzZHJJJJJJJJJJJJJJJJJJAIAABEnIBbG0Ujmf+/JC/JlgdqihAWsezYjJJJJJJJJJJJJJJJJJJIIABBAkJC58zmi4EvQOiJ3JLxOHbp3+ufdpJJJJJJJJJJJJJJJJJBIJAiKlYBePHVmLnrzQhGGsyVaVhGMNU+7VJJJJJJJJJJJJJJJJJIIIJ0oMAALtFUKucFSSmx398+lChbTZTP3wpJJJJJJJJJJJJJJJJJABIIy5LAIUgNKLCIDbIJTxLJMSIMBk0IX7JJJJJJJJJJJJJJJJJJJABJ56NRJLkgNd1mgX7oGaH5DfBmeGFPB2YpJJJJJJJJJJJJJJJJJIBBDEJ+BJfhgCkP4K/UPO53IXCTTD7tVO2BJJJJJJJJJJJJJJJJJIBIIEhH4ILltcdKfI78Ei4OxDyi1jgXTV34JJJJJJJJJJJJJJJJJJIJAJII2IIWBopja1CyJpSIm5alyQ5YZg2/BJJJJJJJJJJJJJJJJJJABJIIAhAlskEhDRkSgpwdOYm4GHqXRnG34JJJJJJJJJJJJJJJJJJAJIBIIJIB1kktMpImhkgMLYtUN40EXUJ3/AASSSSSSSSSSSSSSSSSSCCQAQQQCD4bBabZSPRbbZBSSGCyhS06d9sySSSSSSSSSSSSSSSSSQCCQCQCCScCJZJbDYsbZbDCKW1lyhWR/v8+SSSSSSSSSSSSSSSSSSSQQSSAAAB4DCATDIXSZYIabazywfnyj9chCSSSSSSSSSSSSSSSSSQQCACSQAQfiAQADQOrZJaJbaeZSf9t/rtkZSSSSSSSSSSSSSSSSSSSAAASASCTZRSQIAdTBLJbYSJy0LZ9v/tNlKSSSSSSSSSSSSSSSSSSSQSSQAAQbxZJJaPuOJZZZTAPjTJrv/tNyDSSSSSSSSSSSSSSSSSSAACSQQSQTZKTIRJshhJLLbdL3T9Nv/wD1coUkkkkkkkkkkkkkkkkkkgkgEEkEAjSeSWW3JCGW22SSjvrnbLbtcIDUkkkkkkkkkkkkkkkkkgggEAEAgB+/2XT/AP7O8stl3hu693y31aYFvZJJJJJJJJJJJJJJJJJBJABAJJgD/wBtvtr33XpZZa/xdXVd/kCSTJSySSSSSSSSSSSSSSSSSSCAQSOQAXvv9vn/ANOH222xfy9LvNJEUmiWZkkkkkkkkkkkkkkkkkkAEAgkGWgCP/b7PJp0uySWr8zHFtphi/W2jskkkkkkkkkkkkkkkkkkAgkAiyQl3bbfZvNuI2ySTbW5NBtgFbSyTZkkkkkkkkkkkkkkkkkkkgEAAgWEOfbb7ZZplmWy2+0X3KkkgK+2S7MkkkkkkkkkkkkkkkkkkEkEgkEEkzLZ5tpNuIySWyyydNWQkgyS6nZkkkkkkkkkkkkkkkkkknAgAEAEAVNLd5pNt7uWW2y22V+WEmW2TrfMkkkkkkkkkkkkkkkkkkIAkAEgAgpJNJNpJuB22SSSS5cOSySy8b7NkkkkkkkkkkkkkkkkkkmEAAAAEkUpppppJJTWWW2SyCeD03fVb7f4EkkkkkkkkkkkkkkkkkgUkkEEgkG3NtJNJpuf22WSS2T/AO3+3/2+2/JJJJJJJJJJJJJJJJJJJhBIAAJJPnbbTSSaW6lskltpgO/3/wD/APf7XEkkkkkkkkkkkkkkkkkkEAgkEAgnWJpJpJJOgSiWyWSwTnf7b/b5jEkkkkkkkkkkkkkkkkkklAgAkggg0RptNJpt1uSSySWSQvN6fHdLNoEkkkkkkkkkkkkkkkkkgEEAkEgAgsNtJtpNpY2WS2WSwZpLtppJNtMkkkkkkkkkkkkkkkkkkAkEEkkkkhFJppJtJnGySSS2S5YNJNtNINm0kkkkkkkkkkkkkkkkkkEgAAAAglsptpJMlM8Wyy222XsBptpttMEWkkkkkkkkkkkkkkkkkkEgEAgAgAhRttJFlvjmyW2SWWfAJJpNpJEEUkkkkkkkkkkkkkkkkkgAAAkAkEEPlNMANpM8yySWWW2NcFNMosCS2kkkkkkkkkkkkkkkkkkEAkggEAkl4ssolFpnC2yy2SyXikokEACS38kkkkkkkkkkkkkkkkkkgkEgkAAkMFoAtNFO82WWWSyxBQwAwmmSW9kkkkkkkkkkkkkkkkkkkgAAkgAEpQhIptBNzmSSyyW2YSWAk2S2W+ckkkkkkkkkkkkkkkkkkkkkAEgAhKFpkttpqZWyW2221GWWWy2y2x/kkkkkkkkkkkkkkkkkkkAEgAEAEBBhgkpNJh+SS2ySS3mWWWy22T58kkkkkkkkkkkkkkkkkkAgkAAAAkIpIklBNOYyWWy2WVaW22SSy2r5kkkkkkkkkkkkkkkkkkkkkAkAEgkhphlMNpwGWSyySSOkb/7s0rb/ADJJJJJJJJJJJJJJJJJIpIIJAAIBGCbbYaafC9lkkkstX++3+22323pJJJJJJJJJJJJJJJJJEhBJJJJJBrLbSbbTYAtlkkkktt+/22232/xJJJJJJJJJJJJJJJJJJIAJAAAAIzpTTaaTb6Tststksvu+/wBt/wDb7akkkkkkkkkkkkkkkkkkkkgAgAAElkNMolstJBmWSWiy/wCW+32+++2pJJJJJJJJJJJJJJJJJJJJJIAIAIHolll/JKTP9stsy3+bptkutm/fJJJJJJJJJJJJJJJJJJJJBBAAAABIBktoElkIJAk1oAMIO9tttAvJJJJJJJJJJJJJJJJJJJJJJJJJJJJJJJJJJJJJJJJJJJJJJJJJJJJJJJJJJJJJJJJJJJJJJJJJJJJJJJJJJJJJJJJJJJJJJJJJJJJJJJJJJJJJJJJJJJJJJJJJJJJJJJJJJJJJJJJJJJJJJJJJJJJJJJJJJJJJJJJJJJJJJJJJJJJJJJJJJJJJJJJJJJJJJJJJJJJJJJJJJJJJJJJJJJJJJJJJJJJJJJJJJJJJJJJJJJJJJJJJJJJJJJJJJJJJJJJJJJJJJJJJJJJJJJJJP//EACoRAAIBAwMEAwACAwEBAAAAAAABERAhMSAwQVBRcbFAYaFggZHB0ZDw/9oACAEDAQE/EP8AxTh/wf7EJVhUQ9pJclkSJErkhEbLiAlO44CwlQ2WaG8DeRll/AkiNEaIojUlatiKXEyxHbSx4CyHZ9CSLNihYFMTRFjIIS8DVi401nqk7KE6EOAp5M30xRDEnNG6qBwwJzpTJIRApGxYsJLMZhESBbnwFJtKWtIHKsxNd6TI7IGzgbLDGi7XUYFspqh2VIGh7hKTFIOx6GqodpUSxAdwuxj9qIIGo2/r/lJaE5G4pBAhLoRFhs0Pp72FjQqMUYrqkWkWh6GQ9H3RWTRqrdlBiTGoT9jyx8hr6wCcDyWC6uNKE50QLQY0Ppi1E8qHVUT0sBWqjuEnV2cT/QxmFE2k0LQ6Opk81pmvFMIFyPFEJBPYZmkkR4DO9C59ybVsL/tGXeBCSIbtBiLVMp6itOGlqVViULW9KLaHaiU0eKIWF4Rh8n6adgx/Zeqq7gai3aBWG5zTEampEhtdNjQtGFFRiY5ENEl3Sw1QkdFR6S4ESXEuWSJKCCE5MKIWF4Rg8r2fvYkNDY1oneCNl+i/EDn/AAIbYkmzAhOLBbFd+DlJa1u6ilowoqOkkk0dkZOBm7CIHqTRMiScUQ7qiOF4Rg8n7hHImJF1Tylk6gtPgVMDr+VnTHUpQK+jCio6QRRD8ChK9FZ1a0okgipihI4FRCVl4RYvk/WxUSeBZljESWtEnN3FBA8Q79TpFW7QsaMKKjExyJaG5CFLsggWNJUWBsmDOKELsUCVELC8Iw+UfuYrCl4JNVD4Q4lh9LEYf2K12LD/AGKZtRo8iMN6s+l51J6MKJ1dkKiPsalGCRXq6kZDEqKzMDVjAnawqIWF4R+pH6GcMygkfsEQQ84ZlND08l6E4J4Jpdr6810v6QlEoYteGnASbaSEiUMawhywSwKFXUjKhKUIWKcCfDGEh4ohYXhGHyj9DIE2r0yaUcCxRrLuSIpSXX6d8fQygKiZ5otOa6XEjyPIxVjRhTmqSj7WUNy5GYUknQ6kYHgUpyndDvTijUeKIWF4Ri8oT/IxEWZYP/0DSlf/ACqlCJ9kJhPlDZ5Y8UWnPpcUzVacKRfQxUSmxhQNi0ujFRXQ1Dorseg8URwvCMPlCf5DFGzpw+fse8lGQ8GTHWIa3ATbOAhac11BD0YUWjJESSvR0WND0k4LMgiyULSwohYXhGN/aP1CUQtLDLUtIkRmgrOmbCFpzXUFpwos6oIIIMCq9LNIZGk3xRCw8Iw+T9Y0NUmjdEKPToShTRac11XDbgjQ6PRJNIIFYmqF+CEzHc/VV0kkzUUMjotOa6se+6PGzOhCw8L0P3/2fqqyKySSTsZrqx77OGPG6hWTwh4c/ZodMalpZn/BWRHG6jj4Q8H9GuKQJCWvNdWvfWacbqErfCGrFv8APriiRiuNOf8ABSpxuoWPhHB/Xrggika8/wCC0YON1Cx8Ifvp0alqdM+q4brqrmDjdQnHgQ0r5H0E72a6snbnSeB42oqhr/CjEZaTY41zsZLquJFETvONriqH+IxGX+t6a8HHquNHpkmr1Hg42EQRVHpGIfoidckkkk6WcOq4/BPBxsLSj0DEP0Xqk0mkj28l1XH4CGzjYWlHrRgHn+l6+Fkv4LWBnGwtKF+aMBz/AEvSFqdZFpxTJfwYZxsLSj1owH/F6VETsLXl1XD4J4ONhEk1Qr+JGSF/pelsxRaJrw/g1wcbqPyoyFx4Xpbs6cl1XAnfVhX353dkhEiO3hevhZLoyW/h8Bi3kfjQzOPC9CvtTryXVcBb7Ejje/Ch4i48L1WSSSSdvh1XAW+xHG9+FU9vC9fC4dVwFvv4H40I9vC9fAmmS6rgLPwFycb341R28L0J7sk14dGjfwFn4GDjelHgLj9HbwvVZJJJJJJJ2OPVcSO28q8bzuJcpU3C8L18FnHquG6qp043vzqjsl4XoV95Wrx6rhR87avVU43vxo4HheF6+Fx6rhR5YtbEcaFTje/GjgeF4XoXwePVcKMxRW0LWqcb35xnDwvSE4J2Z18eq4U8nAhaESY0qnG9+cwMF4XpaJEydzj1XCjvJxXgzREU40KnG8n+MUcPC9L4PBx6rg6PkVFWNHGhU43vwi2Hx4XpfAmnHquFcaPBek6lTje/CIEiPC9b/FePVcKM+hU4othU43vy0uPhel8Lj1XCjFVOiI0K9UqPG8lK+hCQJDjx6+Fx6riSMRNFROqoqpkjxvTH6IVPj2f6vRJJJJJJJJJOxx6rgSPGpC2EPeYkTiFSePr4WXVe0geNWNiJIHjeVK4ZYHlPws+qtDJGRG6iw95zl3JjX+E3LnqzTakaFqWhOjW6nAqS2RjQ0+APCjq6sLuJIIIIIIIIIIIIpglEqiRBBBBBBBDIIIHNAayyxCyhq3dWpkqxKhAgJiRDWRKVhuc/w+duWS+5LufYfYS7n2Eu5LufYfYS7ku//hJ//8QAKhEAAgEDAwQCAgIDAQAAAAAAAAERECExIDBBUFFxsUChYYFgwZCR8NH/2gAIAQIBAT8Q/wAKcrv/AAaR9g24JomQu8SPZbglwhS8i7iBD4JfYlbK2R2BElv0J8BNbycsIeBgn1K4t9hNsepNoTrIlE09MoTkS0wizBckV9CFbCGmD8RQpe9KDzXCM5FxPzYTTUrqKolJD2XhCRELQ4N1hn4elMhd4kY3axDEq2zlEkJzoggl8iaY7gnkvFkEczGljmgLJJHLSJSpRdZRYhrAoXEuTuowD6ciBLEDWidGVHirNoZAqSqUK+u4ipuEK4lRGrrQnViSMSIaRYGJYawIIJEec0aTLBwEIkZgxmGJpJXTW4GhOZka2HmjdGLeRsBXGhqG1SeNnSwl4G4cJCuhoVMoonNUpnyWMK68RYLjQtg4NpIyhTGGsXiZsJFiBCoidImkldMXeUkzJDHnQqykUjtRUkXtJyK7bHUiWmPRjS+jLWJRqM8l0uiy6ZTTKsycd2Tk2T+gLAuJiPgim/3cixIyxH5H/YKDbM2cE1TEROOmcDIhWGPQqvLo8UQnDkU1FGNLpMVWvTuOmoHgbqbplVPPlmU+ujhFjkSpcP2NAY0JsTmX3GpEbC/IuVpQhpU9LVqG6pSNCrlR4oqfpiVrIiIRguNeRthRa98hmL+RyshEsTsbIyqufLM/g+uh4ElSJlfJK5+/cmUyK+4xNJDcjHlILJd0Jy3FJqhD9PJCUDOa5UwphWCKXrmKXJVFswkkNwp0ERUufLPpM+uh4OIGhuVFwzSiyHaWJu46pfGHVOKozdQYkk4YlcqYUwpInVB3QlhiWarjpNxQu6job7rApwxic0XPln0j66HgWBortkOEIdhKB3YWFjsPPwK6aZMNcaE6IzdLQgaq1cl8dQwpgRawpXY0dmOvWKZtDwnlkyXkeWIxpzVWkWLkDsY6FppXE5aCECxRZfln1j66o3CuIjTld/8AwSQkLoQaApaaHlfwJHA7l0s+hqRm6WnBGhuSYPIqZUwdMBJCUkDUqCIsyRInyiYwNCmiMKc6YUJSQJKMoThyJjGAsUWX5Zn8H10Ixb7HlQlKIJmMomHIp/B+xMm0ImF30qmTpcbnFEhul0VtkGJkMh4BU5dRA3MtZ0PGmLphQzDCLKpyx8kQDUWarny/Zl8H06RcjCN3J4E5VEyu0iZM08n9xEUyTJjijqqZOlvDuKmJyMdGSLYC8CN08MSUcYydUU5pjTlRjQyCPEyyXtplt0aplVZfkzn1USJ3ImykIZNJdqTLb8sfJF8CRcCV3R1VM0dLbgl6HRayTgmCESxuFJlyJLIcVeaY051wxpRLGhMwvR0yry/Jn8FnhQnKpAtZXoTMEsQ3uLCFI2xCUogLLo6qmTpktEurotgG4ZdYEpDbKnMQ86MaIVEkUoTkN3dXTKvL8v2ZxfWPCohlyRen/RbsG2S3FZUHimJdHVUydQdFpMKJ0TCkSqJwQ4owqYEwhWkVEeCNDp3VTv5P2ZfB9OhhXIkgSrTEKjcIQ6qmTqMaGC0kidE2hMIN0QqODIgVJqqNSJNDcN+X7G0/AfXQhCZNEiYJIZ0HVUydepMTJJFRCwcSLOiSRX2Hl5fsR+mIQhVRfYVMnV7DRBFIEqqqwcCzqQydTy8sX/f0fVEIQhUSpBbUhGD6vNWpGwqIQjg5epD0TV5eWc+J9GiVEIms0nUjB9XnisEaEqqiQjg5epVVERR5eWL/AL/s+uJUWhOs6VRGL6vcEbKVEqKjnZROj2M7f+5Pr0W6qIxfWqNMCVEqo4OdlVmnuYq8t1URi+sT2UtCOIOXvQ35GJDr8ChGlbCqjF9ZoIIrBGlKjwcvciiz5P2ZtcWtLQjF/wAGuDl72XkzMLCfsjTGpLQkIwf8DlXg5e9l5MyC2/vYgjVFEYPp8V4+DLRy97LyfsyH95Gpa0qo5dfuKqvFOXsPUvsZkEj937pBBBBFYIoiNCMH09DF8CWrneX2MyHsexGwlTB9PRIt6VFqWd5fYzBnsfv4Cpi+oqxOmWwiBW0TTnbdfax5GD8setY2FTB9Zo0xr4pzvP72PIWH5dII0pa0q4Po0b+ZAsKsEDFsRJEHO9B+YyR2MH5eiCCNcCWjB9FRxv5UWFvmc72F5/oWZy8se3GlGD6NHwDgWFvnvv3HMwfl+6wRpgVtaMH0afgTwLjfMW8/YchYfl/BRg+rTwLjfMW5+KP2HIwfl/BRg+rDwLj4DvvP2DzMH5fvfgimD6Nx8AeBfOW/LLHkzB+X7pGzBGrl1YblQZbyFvopHw2Qnaxg/L96IIpG3g+q507N5C3/ALNOXl+/go5/wWL4H2ThnLy/fwUc+ry3l8D7pNmcvL9/BVjn1XOizvL4H3RHLy/ZG6tHPq9w3kLf+7Ry8v2PbjUsT1XOiwt5Y+B9ijl5fukEaIrAlqRz6vd26qLf+4ZnLy/eiCKK23z6vYLe4+B9wa5g/L9/AmnPqudOz513noPd5fv4KOf8FnBInvMbJ5Eycyc2/BFOfVc/gIlEC3n/AGSRwYCCCCCCCCCCCCNXLorJFvJL3xGA1YW9IUSGL4SWfRo30tJO+gImb3nSLlCbTFhP4SdVJLL4JIWN5U3YRsXwkoUdWiuhBOd5sTCTeO3/AAQvAtZXwFlz1eE8j7CwuiUSiUSiUSiVrXaJ0JtZpNJJ0TWRokMaLAppsYn4CUgQIECBAgRIkCAkeBjyJR1qCEQiF2IRBFIRCIRBC1QiEQiEQiEQRSEQtEIhdiHYhdiF2IXYhdiHYhdiHYh2IdiF2Mf4I//EACoQAQACAgEDAwQDAQEBAQAAAAEAESExQVFhcYGRsRChwfBQ0fHhIDCQ/9oACAEBAAE/EP8A8I3EVOAstvWw/wDusihvA+xGaT73ylf/AFqMArk37E7prD+5K/8AqTs9inuE7gYQ/f8AlUHLR2rgCPwsQouiNpKrpN08QRDZjYFjpC/bB1etveILnun7xlq9FwetH7QkoM5n24ftLUo6PxuPFJwK/wDhcM1FfYPniEVMvh5bhgAVYaQ6h5ZWiUqxkFlkjygKeyqsPBMMnr8AT7ShvLbx7b6uLusJj7mL1kzvqcPOj1JhBAuE9GVX/s3CUv0bTQcriMDBTAPORa8UFrguH0gf+Ya86zDYQfyYXefQIOhF80p9zFD7Q3ScQnPVfrBmTI1/qPuZYgdBq7pZ9QRs7UhSen/ww0Ap0XTwfmJcZhLFWyRgMcrQKVVccBaSqbisKaiwN6bJc4QO0t10oXT0AywQ7bk5LfYg+cYGN6T3qN33pqvltXrLWlZP5AWwJ1csmcOjl6CHWEZ+URMZkcbmhTMrSutQdAAA4CDuBWpgjaN5DO9g5iydphf3i5lhx/dLI1wAfeIV9yWezf2SXy3Rr/ez7xhX40IPrr7zXF1THvK+plKGWhoA5VgOcPK2k6ZzHJwEOFNAR0g5YT54CiQIcwXolzzb3e0NJItsXMhvaeh8dYV5KE+sDNb/AKRMYgquvC4ejHF9BA/GF6CFbcfw9+0kOplU+NnooqbnKA+HTFBf13XeGG9wmeC2HcdQ4uROR7OllyWXUZUjd8xdTqIrgMZDJsZQ07HePEhq2rnYK/GBgD0VPiyAFU4n3CZatVRR41ejGN9YI8NB6SIFmfyReyj5wwK/AAfUji4KC98KUxK+tVwDqY9BOnYlIUnHDkdV0aFBqWG9JmoYeANwKRT2KVJMnVX7SuquzXpGK1xbPtuZMXzH3nmPw17kQGMEg+190MVFiYein3ZytsRV+7UNMFoPt4vpcVEW3v7yv4zKTvayw+aD1lw5FUxqIDeL1MczGPvONf3a6PdfmWPYj6ju20MoBKTc8i3tx7FRdtnDVQWPXTX2SO5K4NL6kXQr0FPt/Uxtpwc+pG67Y7faXRvU/If1BgS0H9M/aOl63S4/ZlmIFvpA2ozvD2CZm/wAPuwIRFJwlfBGwCluzRjZi2B5BdZS0rDTK4cAurbRURZhsFF8nYuDUlWG7kwJYRePdJyJpWRjK9Lf5P7gWOZwlPDHsC1lno4YlrHIN9Rl6wuhshd+B9ZelcqgPkPUTYiU6HkMnqQRwGVWAi+VOyGIOILjygOgXmNA31oQUCTY9omCgRsbXsS/gSqjLtFCM1t4ravNqG+I32lW4KhNPWFp7oO6sgaknBqJtcPZHIxl3NmJMCQc34YUcKHT0KZsU8uXdzfrCKCtFfcH6mZc1ga/VT1EuayqKeayepDJCBUCweX0KS4gFuqsTkhQtKp82r1ioGYOl6SoLe4Lat0jjDKg/BWrjqJTBEM/gndTKeFPWo2Bh2Rx3fovvL6vG7uSxE2JSJYjc6W9Hf3wwdOv/EOZrPpEPYhpUdqvZewEZSWrn+viPEzB4/ubqOf6EOWSv4msdiPSlftCrmI7IX4TOt6sIRIMMpjTeoLfpKk6VpsA22pttzmLV7mWhoaDt4OJyB2mVlwJx3jm4JaSpvim4FdE/EOHxbWn/IPMCxHcPIYGjpKAH7kWUD3PtL3PPeFmJRjlQYTrYnnz/UotRvejd6K9YeHbmGcHQI7tS1K4rwcB2JflxHzW21rwXQt7iehKdOWk4bpPe5UrW0c2ZLtWNH0UxGu3AKbPJAuAbICKXCOZTDWKfyD3gQLsbYZbmj5stdCPMJxlxeFnvCoG7BC0AD6qXX70gmCHVAruqnheIm6k/astg+0sbMsfE3qiq4u62LIonCORgVTWxeIUyvw4XfRjXzdpOJZ1vMa1AOTcx3CqBO2r3hSAkOGRtV/4llbyPVqJ6iK1kpqRlv1JlUFAeXLUejLzB0C+WWHulW9q6yxRVarKuVjuh6xpea4HNvNL7QOSVKsD1iAQFggDlbwTGWuqkF2evhjwjZk35RI9o6WO6oUV3g/YH3YYHQxn4fIy5vuiPFA9nzFBhQqf4dWupfaV0wkue+iSyFgX7xUTVT1f9QKsAjzYjpGymhjmWPLjrmxjcI/MtjILvxCClVWzNNesGG1Ardg5eXzMQIAUs8PF18RZFwR46kALBaj/AKCSUG7rrApKT1NstFbo+8eil6o3D80WLtfjGGcAtxFdurCdVzNYi2lU2JMt+Qy3I+YBjHwzrgGu147ysvhr2u8OzhglpB9+x4YRZTRMALg0n7Raa4Sv26REOVB5gajV/pxKP9LMbTBhzYImMd3il7xYDqbdr2DmCyJa2g4SJ4Iillo8JDswGDiuHpR6SloSjZiXtiyOghW+OgnR4iuquthWbP29JXvvBeahIvMtXaXnYfYVFa1Xef7IS8ON0JB3BR8MBjC0vgFxe5NHon5SpMN7rx0mVyCHciBhVOCtPCWesuHKu0P2JLzEQtaFW90L9pTSthZq99hhIMwuWum/kzLWMctqlyiDnGYbTM3cDInED2y3x4HUPXfWyOAcF7J2f4bFzLurxGRe+qf3KBKuvcVjzHSKdL1marH5kyd3HYNfNzTpWAGloR5CWwCuiip7UQQqCieHD7zV9PMNnxABswWMWdSzXUZ1uZC1L7udME32lgGxLgw3HaCxK5Gi2DAzyGfLbCW7IDfQ7Znao49YS5jh0sfa5mDJHRWeRVLQRQYoPIaq+0VbrC3dK9yMHD3ikWH4rv3uVG6XxmOYEXa3LHPbzH4OF0rPyQwnBJ4lmTeJRkuEXca7q6C9qekIsoagfdth9fRAbWmOlQELo/MIBcK4cvuJdBXrhyd7j6yjxVqgZRdLMdzUD1vdfCv9+sA3aK+paein5gJ2sF6o2fEcACq2ql2jrxLCDnB0P+37TR0T1XUsVcyrJwy5ZyrgFDBA5lRgABZtvPWCTqhQbHvmA5eGvebjzvSvyTmfJukB+TNKOVoIwyRq8115jCKbt0OPbUoHeSLvy15oh9iIRo1rhEfsy4F5xQADjmA4WI62/jPrDDV6kEtO0vHMBElt4goid4LjIhl2k6qo8JK/hTxX/XFS1wdAbvdmDorPS0woZJ8i98esZXvDQcX4cQy4BDFpq4eHWTCRKNh32n2HpAHrB9uVncAiutOeSH1JvlvAqpRadYwRQqS7fNRktlPZr8Q4WGurwTFsxQzwb4UrbgpcfgEXViHY8S7o8e8g5hrkBpFReiNxVcBw4L6+YzVtoHLcqvXXuB/Ub4EAoXiSN7VgXqs9Eg8qwihXgOMwO9i7n9Rcqo+0xjz1cYS5cOZWC1/3HOu55i/bH0gG6wz5qiA57ECJWpunTyaYgMTaMBe8QYbwK9OsfM4FTZq94fwNrxH50tYWWGhIGOwAoIoDgM+8cvJO13DabBqZTWISnW04bwyJY/VJVrVQ8EJdCG6KR65PWBxqn7sOptU4B1gwB57OEjYWhB0OhHEnNDKXr116zG66J/hKG6eV0ZhTAqjvQg+sFSQ9ap/SBjKpPR+IhbMTU3zD0SYmENYowir2u/SGylwc2A+38Kf0eIdMSzj8sWs9T3Y7RsfzYqNMSWQAKgf3CkyYos9GF+YBojl6+Jw3h1a257qqx6xHkFo3pq1gCtYvbD5LXx+kJMm6jQge4YYKHQfuhbeJd53D8MGBkAaosRk4EJ0plihWXDgnh6j02iVFZcC4cOGsK8+bAr4aydxlf0VHWj0IpRd5ZbxhmhuzEXr3j47bSWF2YG2Duibxbjd5kjui+kbhtPu3Vbh3NQ7wxjAN3SJhERE2MZfUy/FmK6tyNmJpO5VqtRklTUvEbW2lnCr5S4LT9fjr+y0JyGLXDlF/A2x71TZjpbP3Vq5LeGwbUR2Q8VvTg4PBOpFNijzeEBd01Ovpqj3Sj3OoRb35DWrKW9W+qoLi8FHaxY94ivb8RKjoy5q2PiU1E4Ct1/CN0GP3mdqWqubYp+jSCm5Yi8NPBKs+vXsh7euNWa/BBA2y4VbQ+NneuqjlGnKymDrVL7lzW24Jvj5T4QU4ys6X5LHLTD6vMxYJvd1FV0bOG5YW7yRVYYqJfFzlqDkmZmBekrbk1ULQD65S+Q/wv63p9A/R5nKf+kwWq/6YCrfDGpVg4g+3pfKLCS2GhDiKfmM1xroe8NYuAxQDRsHYXi4xeUzxKrKctR6jhfV2fCeJRYRtr65QUMuXmu4UvtgWJ3PDHfmZ9/4ELKieCZf+pB0U13FMxFfBp4tvKMYBtgOFMQXlctFXmV2R1K9oRCmtwhMghminU2ep4JZTpHLKbgTOs8sSMyW2z5LtV5mSrNMy7ilzreeDg0X29ZQOuck+/wD9we7hMaVhs/5E67s2naHF8hh5GEk2l49QLFbCYRWpAFBeDba6g60ktgvgGIMZwrQRPIex5jbFU2ple7NpqkM4O1CQCu1wAGvf4I78c4bafaCuSdey6vhDMzz8wuDrPuwS7IIlh6JLyiGEJeyw9yztK3cVU/fsiz7mPt3TRV0AAZ6wC2VzRR1FC16RvYarIFH4Ay70cQxrR3icTROlGkesa5h10KTuKeTHQTCzt7m7ExPiUdOveESF3U5p/wANAviOv38x48vzGOt/dgApQbuC7YfqrcRU6gdsBHKog/T8y4W0nsv7EpIoBro5cI2EhXsekoHdKc1e9/8AsyOZYomrLw7hhrUSxEQvM9MAUKlU0BlXgMxwfjw7rsnrUdDOS15hn2uF0p8QsNKZ2f5js1uHYq+6OoNLXiO3VZu1K14MscSvNg4etj1gDqCLqcPtKNVk7VOcNKP0QDC30zdM3CiHZ/vTK8HmOXLD0UWGTst9o4bXLA6P3CV3lhJEb5jf1KnkB8sd/kRw/OYTEtbvlQK/cym2AgNYjcScuHGvpbyEV5LaHzWY/YgD8Pw/QewcI1Bn+8WoZPkY9qlUjcoOO7R3lKdYbx0wIPrDSOoCvamvWonhZuKZh49r7RiWVutj4CZEP5bGw4xEFu3wimWPHnjleh+7BN0QqUDiVGrh5xUxuKl3RMwMjKWv4UF/TE0n6XN3qvmaQqHNb7lyB4mSfdVcFuF9slmLnfoYFLXVV28U84oC3eGX8YDCcenmYhqyyPgnoZZMC87pGRg0troPSIOyz9DROxVekKL5lhV0VgbJiHGeG6bKYow1uy643KjXHqrPdrjMbkNCHq9CxbfdbjLsKxLSrvdWusqPkKM9y8xAriwDfC3BszxNkBXcqYU56dIwPez6w+rJgWofBi61Z1jmwA5kU59WOo2tS+K99yoIvx0cUnFyf9jJItrcfmNsADYtNHaVdNQgXQ8KMGWKWqKG9JpcVl2rHkRdKn1GA9GaMrmQtAukw8orGD7oVGTD+8ri6npE/ItxBTMIMhecCWciS49zL70q/SDJbgTqOJgJd1zyVM9zkDeTnT5Skpq0z6wu91nVz2QziMSop6OdQWhxtZY16zXV8Gh0ACCu6scovCMyl0FjFodtCrsnBETAS6B92EdxD08jtmondiEDWwZFPe+sP3MsOMstHuSvW+Za3f4oOeZif6l59EmDpBX8Lz910mrGY9n5ogByBfmYUFj5gTk09yM33pexFWyFvliFKu2SLYtq/DOqQyH3+8zjYCumj8ksD6uQuiRBSsLxAcHH/YAXq9vQMv2ivYRHTNV9pmS2aG+Bi4dQAK4ue8vmgDqk/MTxZ/Cob0UPWkOZvavmZZRfkihnAc05XUSxOjFwuBnMDylJcZRT8mgBOVyvAlJVThO3CRxcC7YZ4PxF/j5zQPu/aULMA0jC9glAEr2kIE7WfM4NMdl2HxcbaXBrFK+Eru8ms7HkSO9olwGIsysBGjXqMB+tp9QgNRzpq9A+5LLFgVity11OJWiSCULLrqLBzHSczasy1Vx2zJ2G+kqZi6HSy/zMfAwVbAGVa+Qt1O+c3FDvgaxB8kMNuNVkHVrwCUi2YGJJdO8s6LTFb1/bGENSjySwvJT2hniKZxS5FY8RZZYsiF011LaeLgD1TbPrGk+jAM+6AzloezESnExsq7R8nEwhBXhfwsbmLplTf/2lD3h+YZDZ6qf9xrbXu1UOu9luNXcqBB48WRY1SORGxGNzxGatY94gVQR6uGIlzaV3R4YRULosfWPLGXeTb66OXxDEwBh6voH3FhuqqncocCyAWj+9Adocd1o7xqPVCewQQvNTORtALGcal7Z0VBzVeksjjUyREHgD5keyA6kLTyia5FNKQJ2OS3lNWy8HdbgiBo0dnOeHe4umGCHaDCCgMBW6unVQFR4mcFcPck4005r7wUd/5RVABK/MYVVcnX5IiwXa8A+4xhnJqTKM7B4uCWYRd9QHpDmZpl/jpTIifaSBSr2rYAb5Hk6gR3JyFGUqWyXRwI4BWhMHGuzDvcPF0rVpewTpABtjq7cS9hg0uIGuzEW1VNIvYEu9wrm1pw/BQqFvnVhfaPBOtaXJqyB1KslubbrpEAqkw9JfG731S+SDstasaDpAnAHrd1R2ku0lFw3aVXKA0FA4nVbXi5pxAjBO5KvLuO+Q4cQ5ZbILqFnmExTl9H8L4RF0zS6/KRGNJI7C0np2fcgDrOfGIqWaJIt2CZEQ9oyWsVVXELsy87lAPEYVxez7/wBR2bcPSMhuN0MMBA4VCKgp7xld/wBqXpqG+YOGCaNjLtBGQdLF3hh1buKz8shhqnHUl4VfmUjUJKMvDp63nEIF9EYo0AFtvrMuqaIa6Lp0PlD7SovRGyY+7LDoPLvvvKHEVfldLKXvDBpwG22/XvL5+tQV6Us28pUnrJeT5mKrv4IucjYOzqHtTgbwh74yVPDLfXsi9EslVtBFLVgGFWMMwjDJNAaCGB9W4uZFj0QTV0YTZ0epGasbvjIdHxUrxChQTo4L6rAuyoqsQqfuYntbD7XCDZQHCXSyG0+8FT4mR7Af4OkKVHjkIPcUeZRerfbWnZlksw5KSGinQYGVVoigJ/Yg0oQPDIEsYkLD3JW3Chd4rjtrtH9B0+cAUPrcQVAQKrGCPgTeGr6Q1d3Ne0v159s/hf8AWdPpI9v5SDQ1vEHq23h2oBcynRaSVr7YenpKi6U6QYLrOVxDOHYWzoeaM91h0dpQOrL9Wxig5NQQiwJRxFjhqSolr03bjiu87yV/dBR9A20h2+JQ62RAMKlsdHcZdqeIDX6ajPbqlww2A5MIbhZdsL86xQQTjwkeNoB6Q6zTWlQDq/8AdDFQ2ldkbtQOwgmj27qKLkHHKkohMMQtYhYcrjTcuSxa1KsTrZATr2KU2o81XvFRxV3tKwtSc4a5PmdIkJXlWoji4BgY7lK9TPvKzszZouwWs4S6Ip6+Jv8AeA9mzZDAg6xVVKHcVwVpwD2i+qslJpr5IOrMEqBdwgBxdkapud0SGDqEKDZdrtBIPeGwSu0xXgQMC8QdmPxPt5YvaA4omLMjkzBkDeBGF/Sw7tJXdQRx1sTaeKj8HMS0QGlGkeVsTYyiIDrA8Wa/Jo8UWHVAht7SB/QAekBHAQkUaxgW26AreGysEzuqplTQDOG7sssQGDFq3tDVMO+BXEoZagW1Fdxb87gyxX8Os1KaHtPOr5SErsEsI0t8S7NNY6MFs3t8Z6jxAXucE9f9niMqu+HLMzrsXmNYaFfvPnRrbwoMobGX65zHb2N+dzSDr6gWcDT8fQyF9lp8xOPBJtwkWNUi6D7nWJf0VZSqhWaq3MrbKN9SW9+Al9HyxVSFwfFEXTDUxpeKJSrXUPZal0JfZKlDpF+7FRKp2RIfYIBRmA5w392ENox6FRXC01cbLTqfP0HnWaoiwzsxQ49YytRZoarHceulpYngQ3g8o4tYxRAB662kN6FfmSe9zdm8YtdgDpXMc9SLeWPEXCpWvKiUgbA0nGNy1+3vLafVYWWtOgR/cwr2n28Od6v0GA9eOWF1cldZsFXi6i8xoPM0NI9D149peWtzhVCh2W5tkHUs1mvTV3+yJzQ2v2fC5OvKGnrpkhXJdGECz0T3jaIzbAU+4QJ7cLpG8QOKoji8nwQErtKjUDdIKXPpLCzucQ94f4YfnhirqnzwtouG6K7qH0y4DUXX1Jd1Q7SsIkURwQDNhTK5gcW79JS9ajw2EzoNq/EoNMRYSXrCrSrwzNEKtQ3K6wWRrBEz5YFFeuUfcgjJHo2QE4WUaP3imGgoTUqlYS2Bvvh45FOYZ1AjDdydBwm+eZcnauAovviXFtXmjpfnfpD4RUqyS9sjVgUtp8weXC7KypV/XIjscMm1dzmXQ6VGh3TD6kMRV38gvxGqFiMK+KMHqJwJr3gTD9DBL2LEDNImQh7FAguQlEYs5LzVRH8BNNQHgA9Ihet10Hg88vklh1Jyek3uosH60KT1jtzNmYLjljylB8e45LmsryfJphnjpU9yC3ywRfs5jl2COicO1cHaKhE0nNstvXcVYcLAq8FBnADei2vWJ5dlw1uvGD3ji2YHMdrKl9Ya5zE+hL5/4V1E2jF5CRAQRUdNJXhviLPwfORIAg1LfAvaXUV4jTo6WS2ouaDBn1ch6kZfGKn7yqaqoUah0XZ4ITfaFXZ2l1zMikUhtoBF9iUiBUGBU1SC2AsVnDLr1KRsH4LOYKXhyQFtshijleTL2iENz+Mzm64sx6mIpaXwCPrhhgG6JfcZzoKBd3ggixbvmGC7xNRGDgjHAau+a9YCTl0aGw7bTZQ3oqaPn5JWDRSuZmWPaU8dsBsjsG4qX2i2rc9/ZlSA0CPZqH2EPxMhXIFXx6B+YQtilKd4FS5q2zbyzGiL2IRdqoWoBpq+tR9VQnboPc05zvmpXJ4TBKBOku9h1iodEXi1kFRritfaGNFtgezLZx5zemSDI5q2eqGZiH/AFfMVnSlEHKvWBjAFEcxUQ3UpbZEU2/8AY/JUyW/4XmA2s8B9pf6TZMJjYYcIVzF7wMsbB4gjtdCJNLMbtceqpo99xlBRgIsvSOl4+gwC02Ulc01SwPS4lvMQkVdkfbHkjg81AjmPZKAU0hUJzkwB8zAzleVlBrjUHPiK0hXh/uhChn7GGNPPy/TwxPC5bWJYWUYDY32goyeaJRB1IRC+3LXzKMZ3dsGrVSsPkTRctEqBv30C5pi4OYi0Ax2A81Lmx6RcKXsm5N0Iu5XogEKean7wQN3IaSi5Vcbk1GBlfiaM67XP8MHs9II/p+0O10+JMLM1q5k3LJeIszU5SyBOGatQqYi1wXjvFPIOsYGuLCBpLxUMXNzL2hZfER1iqzEW9OsFDLx0VCB7blQwcL8S/JL3WE/umF2y8dy/JN3Fwy3pOX0DcBaDbBCLqphZokVEPyQ+q0bh4mB3jgIZ1P1mbPMsMs5cQBu3vEJXMa4I3Fg67TAS4zNbiKYt944qunzcae5Ff8KM3IBXc+CF+v0mGab9Zl3cXMG+amrqDdxXcXeooDmLc3TNENztNR0tO+rsvslRt4hTFzvTeXHDcyLxNt6gZZg3UELMw6xL13cRqlpTP5Ut76nVr3IHUWDY1F+YuczZjoZrOUdKav0D9ucDhh+KzMl88NKZWIlalp1qbLcwwqJC6gCziJYkTU3rk+mTNmZVb3jc5Ljgrio7/hZm5AFD+lQr/wClJ1U9EvKgcTG9JeJoygY7uLG48MVG5mQFXEF0RdrU8D5P7J1NnSbKe0tAuZkDtAcp603DDzL7zjtNkxiZfj6XZuOia+kMjAdppqDDG1xXFdsdiTZ5m7xNXzHVzIj7SER7xcPvHmq/bCOTO9LXLLyBz4gunM1mkR/2XFXHNqVaZjbYqsJVfNMa4FX8NXZAEr9bEWX+lJt3B05lb1lR1xOCYw3zFdzD9DAs2TMgtN44nBpjLpKFxh54liAyt3xMue0rVXDFHFHEwuZSOcxckzOY7efppUdghWnEHJG/sT7kwO0UXfSKSoSosPWWJ5j31qYGJTE1DvxRL6xdOzL/AKQnkH2SzaXNzM55gQqeZl8TMcz2fQcnioiVjLrm1uU3nE3V95bd8xXnsv8Awvg8Qh7Sk9ImOORWF4IXmfpDzhfzPQxLqOMZI4QNMuu5kS3m4Oc7fiqbjsdfmlQzL+azMPMUshlxKGpULMf9wES9TfmYGptlDS03lm9UvSW05LeMB3JPU0iq42uKRbuUDFD3MT5mJIobjpPOMckV23ZHCUIKw57JUYcQcowOczTHLnJhhjhmu490q595h7do4RMlzZWpbfXtDpbqJ6xP+j/C+LGxiCu2zVhXHPQ/WGsn+CHSoXFvMb6WzM5zsY4zqTqxWekwMeHxOi0RipHsinrHcKV2zYWpRavAAVki+z8R6031hm8Ms37syeIY71A27xi61DTcxxc59CPbmb5WWgUVXKA7KyZpx0mfikVqhtdqKqquNfRYPVMlF94jMbR7zFhgBN07k0YsQ8HaAdMJDFhFWJn3YYRk3pDBwAALdZVuPyfiwjUp5loktmBLzDqr8zyiarmO0yXaYcOIgzqb9e83YnWmzIjLCcEV3btr+FlUg1DSc/gSs54mDcyWMs9IZs8vpcHpNmYoXAXjKwkkDA7mFZhZsS8c6ufKeLv4lIb8SxuaKYFd+cQuJcQG5uzMDWY+YiWQWmTADECA7JheZy09SyT1af7IdrMSiJrcWo4Rh4lQywY8doFBYNY6y09I8Qz0YLfdYOOQTofwZSC9zbecSvT7wHmdOGCQtzqCqNTfvLAICHZcWxhq7mBHU70z7xMibzKWWo3Llpt/DTgLKgtftSYcP0ym5jhnjMa9o0595aYtwbW1USqtCpsmFlhzrmMV22hu9n4nIS3nEqessuG9fabR6Zsg5Wahk1rTtxAawAfE6qWqZvezJnaDKXiaGGbJcs5RjE7mFvUKLlOCJ5T7JX0jworDt/c84WKBeJCO4+BMW8Qs9SYZVzdyhU66TC4594FMoY7ipssywZFrlu/mZE0bm7J6y225bdMwfmZ0V+b/AAsLhlQ/q9IdIVZSQh8wrbGWuIzyConLLNyhZYuDqCAyJwJqPDLlBbh1DZtxDYDh+IJwYJctYzM+5YJzc0kaj/coFsO7MYnmhLpX3CMIj5b+8Ckhl3MGpEZLC6dpg3v6Uby3c7AF/wChAidmOnMtnMM6mRuMY2VpYxKsDGBr1YcUW67gYAK9EF0lD2ZifExXmZvr8iZnqDVuzfog1ub4+bmR4mJmPNwETVLzK/HgFS91iQsI2/LmUpjy/wCSjKa1tldRlxZgilktsJaUYmXFa938LYLH6zLJ/ilB8QXiWXCUzeIWOsrbKn5WynmOLEVzfSKixrFsxOeILUggYKy09pmjhC1t1UoVzD3m15h5bl9RW41c0mD+yazDHQjGFF2jgmVeVcy6zzM25nUa13uyZXgn31mFLtmVjnMeYVMeW0+9qAEYCh7M85zP6JVwtAXiWEM9yCjzlfugvrMsdFGtDJ0leLuU4dZSbbnd94h1HYqUontKCecScxbY7Fcs48TW78yw3KR1GXmDzmyVJeKnrN/Cwyw6tgrN/il9bzBTE5nc9pRfM0c1PaoVHU3MHllb+glGpdFwcycljeZOuEYg3eNTNmUHbvB1liYeZkVdVLD0zAb1X7xx3OaxBKXnAe7OmzMzOoUv9l0RW/oRbW4ZRcd9xyQFuAtYSXfumPC5tWLPJKRlngZU+M/OmhzHUjdU6iXWZXYsQL9JhrjrAp26TwIj95rHvjgwxNlse0dzhN5eZQZZddXMbmX1MV+X/CguV1iEP3sksil94ZOZWZg03M5ha1O8ApbrOl1w8zBVxosqURA5gUIuc2O0FjgE4SwmaVZ6wXbOpntnOB1wqFcWB8hp+Jq3OV43BfYKvvxMfbrKjEZPUCaGb+bD6RRovE878z0ZV5jhHFzHENqnkzAyQI+Ux2WWTGlyS4SP2GKt+1py9Gua3d6YdVxBXGb4ZT3zBBqrlJ57zrZIMRmzKy3HujYjKA3mOfx7zLmNe75jlZqW3eYdMGDvoX/hQRsYftDSftSY8G7zmDnmGWdQ9cMVnsTtC88/So882a6ypJRtli9obrlNUSr769oezkHUUTfnN/Rw3d9oVLc9o4Yih/EvW+Vh7PzMZ3pqJpMN4iVgAK9Zht7wEra1TEKbODsjt6wyND6W6UzyRrzEoyi8wWm7a+xf6ekR9OWtRpiobY+WC8y/Ilfbirs4ghQ1jrCG7lQ1950W2GZAmMeJcLSVuX1oseGJ5+fpAlLNmTMyVvmJS32je5TeW5fi5yFneMa2/wCFEKksK8Sh+1kiokLZ3DDpMCuSUYh1JUaW3cKwNPDLHlDNkRg3EHDiYQGNR2LCR0knZy3w+IbBxHFz94qWW1nXEq03Kea7yvXWoNdY9v0b32l2Ds2pBmVLHeMiG3nllZ3kmxlScUzIMBelqMEjXV9NOfia7qMO/WUDeYUZO061LQGV1KmQY3rtMxHZFh8Rcmrlj3v5kM0LMcI0Ajmbl68QeS+J0XcM3SZ0HMa9YOqHIbEQjBz/AHRD0ZeYppUV4csXU0WU2qgp5Sq7bmSuK+yX8M67LSfuuscyCmF3NHpBqbMyss6xfb6URvMEgB0CUdoi0Aqz2BusviKxf7ZxrtxOBjisV1YaIQV6+sGz0jsWB2+kUgRNOoAQAGgiVvRCpzZLEU1vOqZY+9SZHqcq4VmRuIx2lMRTBY7Itw5A8pUMABwTFHsDAEecHrlUrqImpysbDvEu7iDlCaS7hW6ll5x94jHeeUvrDNNqlwIxWOnBLVvUyz0lO3FTHjcXXrmW1aivrfwshoUleOWL0OoQrKxsUaTJHVHHyx4eJZfECkll+IY9IWNyytzbeJdaYu5iYu8xF5Sws2vYmPvGZg61og2mwdKR0ZTL5k0WpQQEzDp6TKMV1h3TBV7m7dE1TpN1TAyjH3h054mNOYydBQyqzd0D3lF/FNlGtpa3fCNEHeOQohhmYmOEcK3EAw+ufpt8LM6ExiJ9CYsK+ZQY5wnpCtC0BTli0oTYPEUZrgidcwCY88RwPmF1zDBLHOZSjmF7nK2szyjQu64m2y+8e3MuWS4ZbeajWyazLF/CyurKI5LqvkjVsz7SH3Si4Uu55wbxPL2+h2zmJqLDFjLVOu9GL1Eq9Hb+UidOCGxrzB56QxzmLuBdMTVzKSpcxFyXiYe3eb6yE79yhWVohQDa33TNubWeD6FI0wsVcujt+Y4zDU35mzMwsxRfn4jJWTL4Sa6sTBcLl1tTh4OGUG+ZruDVlBbMytspk+0ttvD0nLZiJ5TzHJppjQ3LbzLDfMc7xHiaiWz+FM3ixFfP+mMHkYH0Frz7wRLZ54mEzjSYGNBjtFlLEvUTEEpWMX/ebDkqiDuuOsfriGxxKTbbMbuUc3LrzP0JglFl+JaMfYCQwz/vlz7eJWhNHEusmFGd2WWcxJdwTMDMpWswcmJhZbyFRKnTGF04vLT5ZctxLblr38ygbcwM/MKkcylcQ2zHhqY7zLccRxjTm47I3MwNS7n1mdkqorz3yfwv6CLX9nMYI/sJhSyUlHrCB9o+qWRaNxhYi4ekohjusW6jj58dnen3nH71iBDYSo3GbpxLF8wx6kTTmJzeo051MPpKLzNjCb69ZiejGFRHd2MvC5mBuFbURviODHugqluTMa7mNmxmdmE19JSPSF1mY/SL9fJPCIHlFpzDp1F6yrzH0k5t/aPS746TblnniWGJiNcw2W30n99LA5/hb1Iv7neP0PRKvCdEwf3F9oOIA7TCaMpEV1ja2PMwMp1RMx7+iherx+8914zLhWQnViMpJTi/Exu9RwY3dPXlKwq/qYWPIOcSKS1AVJdXLwGSeP0XOcRYZmRNzIzLMmoVOYtOZbcrBc9gmzCqzxaaqiGoHMLLcETW58cLWQauX1lCFueymeUcsXHCusSXnMamyNzdSjzHbiFkY7/hajZ1kUe4+YFfp5JgqeWIWvibQtLTmXV0wWescIw5MRmYGZC0MTS6hDwx+Uvr2iHn0mHgiWt6Thu7jnePeD1xC5uWF3xKCXX1gKqb2H1FTSNJEq5eIdRuZczDmHQ+svmOTMzMwJMDUxuZhlw9Jb45QA3MLtE4n3RDxCyYXqAmHO41OYK8wm1blTnM6LuUDGsaHHvG1pHrqvo4rR3/AAsTEhMXVpH3qNoputhB9fibnrwxS2cLkjaDXMx7zynlHFLjlHBjtFYsMquPdhQdaUITtWs2/ZEfaUp+szpHgje+JymYHMLnSM2Z4mHPMeI3HbuVmcQQThnVYlUVR49ws3WLA4OnxSeX6GV6EZy7zr5nsXHBj3Sz6OzM3yyY8ipV44dHhZsBXa1RgLLE7xer7qKjZdABiet9p91MuJZm5lVzMmdNwHO4YL7R6ovN1E6mHMQG7nembmO/4VpQhC0hSkOmXEHkCraW10uCv1cwmp3OZedxtPWCEMSmZdRfWXjMVmosNQKjm2AE8IpCkaqjFdcAFrrAEdqr/wC53r1UwV1FqWm6YY3Ntkdq1NLY1cfT28SoZVeY8lfARIRHD19IeBEDb4o0NFVVolb6xVo3mBki1fExdKiKajiykh1u5TfEuv6WB5lnDiYLRBQoiOLH5Y7F7CpDDAFo7sqHF1zYFqwBebjgsPxCpa46QZy1DBmvWPo8x44jg5muZZjfiYG7mLcveY7/AIXrRmgZ4lT9HJAr6j3X9F9oQNaY2uNBpl+sXcxGYHmHclZvo8xUnH956yUzF3rEMbgq3iAp5l6czBKGWiXKLhExstIW8sjs4xx3lvdS7ggC4qo5ccMwCGgvHSV8wcsPMxMwJLz7S9ax+XLDP3ifebl+1zXtcK86hg8QGuJpCm4D0hj2jjiOLmKGGO3SOwRFVBRjv+F2FzUZe2IP2eEWJbBaikHEtgy2LiLjcticzIhL1w8t9rsx1zn9pCoVDDcQvUNhYV51MBzKZzuYJwTDPWmdTNsu3jlyeKlzhpVSnbuXL0mRGZ86g3Klxw3HBzcxbmd2mJZ7DL26ufOWqeqh93hMnebS8QFd4UmTDqPHjpL0kBy5mu415lt3FTGc5ja5l6RWf4VruxFC1e8uZtfCiwzTcvvF+jynrmm/oXEuKjM1iLl4h3N+lMeJj/udH7zIc5lNl3Ff+xM3HYsSO4jvGvecFs2zBuYF3BazGpc9UwpS5Z0Z1O9mPrDJ1nezosyvx9O5cYlo5amZKx6yzTqXbaYWdx6s9EfTbxN9wLKOZSublOsMXOK5hs9YbWzqzUvXEuLnM55uYYuDzuNTcuh3/C7XRUReKzFfD/SjUl7hmX9S5cvDLwy6i3M1NLtonVf83DMBf7Z1b9ZleYd888ynA5lhic+pGWm2XLhv0bTohY944V+brM278c8b5g3mZspLq5rMO7ctvrMOYabqY2OKYoMuGe2y+Vd/P+gToyT6JhhmV8wjVB+guQ2Lmk6NRtuVuc839LvmW6xiDTmL+FHfmcR3P2PRHjcsg9PoJzKfQPXEsi4i4ZeJkTb9T38XxMwf95mkIcIAOZybrmdTrCt8szuDDZOWI43NuYtvMxq8S5m8MEM2lxOsbn4O0yywev0hrdRxy5mDcA2ghvEHrqWDm5jblsWvN9KTJuSvKnVjbjiZLeZQamV51AN5gKlK+gCTlXHX6Kxp2+lyjGBi/hmjko65mC1x/ZHjd4g4zCkuXLev0Dvt9Cxd/QsMz/U9NOPwMVfu39IqjmGb4m3cDnM55mjB3zGXjZHaUGpunakStOCBncm4gv1+hUQ5wt2j3H0bLRV9p14FOamdLc6YlsS/ml9wiLKY9+Gc83DhNm5R8/Qc2IU5hveoZo47zDfNsu7mmHP0NvSY1jv+FEuXpByauGNr+n9CzrBOv0KSxqWIRZ1iy7i48PiX5J1XcX2Y/wBDmcNRsdJjhQnvhjqZzKi44zamJzmYM4mVmWR4mP6Km9SQo3mF4PWFjfMKcywjTTHBIPZMeICMxsszcS1+vB1ORri6n+BektXeFFuGXpLq7YU8w6obzWpnL09Po87jvNLjDW6T9j1fwouS2eZYbs+LFRLv6XQ/UOqWSyXLlx5QCTmpx0FHpcMuJ4/Kapq5xLeXEMUJzg63N/p1jgsaxKbmBhsRDKax8EIySSQzB4cShi5gQ2uOTljhVxMoubZvlI5jlUF7yFekV0HcRs7M2w3MHcyIvabdfpx5iu4U8y88pb6desHL9BAzz6+V/C0DEFlx7D4kdkMzUuXKS5efotfRZuld2cs7l7vhlSHg/VAow3ncgnn6F+hd5zKdY51MwBKiMF7/ANmXHeCNcEmHLiX10hhvEMZohEzyJgZvmNzKdZisBd7j+0Wbgzw3riivid25dd4iTAbxBrvKSnWFoWxKF5lzRl0Ns90uLDli/b5fwovIEmsLfM26e0I5i83FdK8TV+hT6rl/+HcdMVDCguA0qqOvaBQG8WCidYdMDeMriPY/JFYu+YJ1g1eYNd5hxLi+kEDn7S7zf0LQ53FuWSh26Z6jBnoa5JVuZRYLpvSt+tyseYGpgcwzQobhh37QtdzVqNTc2fSXFcTwcM4qHDYrOsylDbUO6G2q9Yryr2NgPXb1lA8fQONwamFwXpBxfpFv63nPtm30EX3isYr/AE8v4XgOA5NYE3b2hS4uzvWNphFn0XfT6mPqLtjhF/XrKwbji0P6EE8iOu6M839wA/Ep2zJn7QWE2PaUX9cavmOLL7xTIplkipQvP8xhCjUOG/idBzpzh/uPFpMFXmDD8zWHC5jzEhtYw7eZhcyq7cTE1CKAyNn8JE7bJUoLGNTzZ95ZmZht7xddQBKMKcw9UGh6wSoJ1lkcJ4TnDF+hcPSXD0+V/CheBt+KD9WhiFNR2IQandN8y46ZcHcvEGu/n6LxUdM0YkINLo9veaM6FvWIm0Q9EoewSzcyzD6hnCS3My7xcMRUTMLHdFudKn5YFwpp4X5ghW9rQ97mPdwVm0vcLGJrxM7E0syzqOe53Jh/uY3PEoUs4LRk1PZIk5jJzML5ascmd9oybHcO+FuZfeDXeWVdQgbYN3nX0+cvLwy3OYrtFQlwOVRfX+FhC8wN2CfeLzH0YR32UP6v/Rf/AEBcMeKlC+StDa/RxL7wc3KPT0JqlcHtiD6w6/eo15nncG4UcQ2bjb6OUCWX3mOGqO8NftOeJTzudSie7voUEsveJX2ZnjMvq4WLuGbMDeI4Rx3mNsXMD2g5JiSEBxdpjXX6rh8Q67sf8pdmsHd1/sXOKFOcTZWIRpV/TgMIKTHTDfmVj0z1TRlaiwsABuw80r+FLhRz6MCnJCPaDIXDfaXTkw/+C8f+6xX0VeXstgj7L7RN4GMHCdZbGvywbXowj3IpOBh/e8IJXWbY1PKG2YeqDQx3pjGUoRGM4zQV0vgL3iZIVOZdLXYv4wPaE6tAOibPec6zHmFncw4Y0vMK+JWNzcdm5h3c5pYNx0Jao9Vj6PzLI9C49Yt15YPrn3hIqocjphJjC0GWfTp9Fy18fQYzyZZdxpK+hVcC1fa4vGNHgvB7V/C6gGrKVgerpKDVZAkvNnOj8IgCNjyf+HTLg1Liy8QahiDZA+dCBbu8NhyeJhCUFtuvpD0ipXInoJrr5GCCIMhM2dYeJPO4emEltQReobZ9oimJIh1HZDYxBj2pO22+Q6U9YS6y1ycFnSKkBaJG06HtzhMLBAoTK1wJj3xK8ynWVnXcQqXEHPvLLzNuZTGKjkYNjfdNtHWrXQ+SNtwKwf8AaXf+xqsZD2b8NnScPMLc1KLzKPP0K5Z28wwphjKesvnvBick0nKYA7V3peX4i2/ww03A13VhQ6MIhgpMI7Edj0Y2bzmwj6qe1vM6M9EH1hD+9/U/2cP+tn+tn+jj/wBTP9NCi0/VKenuR05PVEQfkQFrL0BsRNJ1gp6B5A1U578xgTzzGyv2TI5MxBRbAs7BEegA92Ma3DX4WxDJ9/8AhEl/Y9IHv1/6JU1T+nSIv63tETR4/olJ+17RO7/S7Svi/bpHXECuKusgF7uiNcCCVER+qDAzeAAnGQye8oZbZF+ilHpskuE/XXwIw33yancVQMEZjP0mr3JZmOCl+eQB8khR1d5EjU09DC1IHlYH9e1P1FD1NJuCB0waD5poiG19KPWn6lKRlyy1QHUtGrPQQLhs6B90kMCvz/VKuj+/EOYv16QYV+j4jWYEHHBDk/bpOqXn+qGf9P0nY/V2iRo8Z/qiEGb/AL1Sk5dXshGarTn+JGtTSF6sBbA8LP8AUz/Uz/UwH+zP9zP9zP8AcT/cz/YT/YT/AE0GpY7v0XRp6kHoLsz8xi3uoX5lP7/3n6/+Z+h/mfof5n7V+Z+ufmfrn5n7J+Z+ifmfun5im2/brPvQT9B6NPUgSgDpeIWr3D8wHX7/AHgH7/3lX7/3n6f+ZV+/95+z/mft/wCZ+n/mfr/5n6/+YoBHh/uilv8Aefn6K2k8NQIoI6Xn27B+YB+595+ifmfvn5n7x+Z+ufmfun5n7x+Z+8fmfrX5n61+YrtP26xG0OrX/wDCP//Z,1,2,5,0,tecnologia_colombia,tecnologia,"Display
Super Retina XDR display.
6.7‑inch (diagonal) all‑screen OLED display.
2796‑by‑1290-pixel resolution at 460 ppi.
Dynamic Island.
Always-On display.
ProMotion technology with adaptive refresh rates up to 120Hz.
HDR display.
True Tone."
